Referencia,URL_fuente,ID,Tema,Descripcion,Jerarquía,Etapa_ciclo_vida,E1_bioclimatica,E2_energia,E3_agua,E4_materiales,Notas,Ref_Ley2462,Aplica_vivienda_rural,Clima,Subsistema,Caracter_legal,Nivel_cumplimiento,Parametro_indicador,Correspondencia_cruzada
Res.0194,https://minvivienda.gov.co/sites/default/files/normativa/anexo-1-guia-de-construccion-sostenible.pdf,MP-01,Relación Ventana / Pared (RVP),Proporción entre superficie vidriada y pared externa; equilibrar luz natural vs. transferencia calor,medida_pasiva,operación,Principal,,,,En vivienda rural de un piso la RVP debe equilibrar luz natural vs. ganancia solar según clima. En cálido húmedo priorizar ventanas amplias con protección; en frio reducir área vidriada para conservar calor,,si,todos,Envolvente,obligatorio,recomendada,RVP (%),Res.0534:S-CL-1
Res.0194,https://minvivienda.gov.co/sites/default/files/normativa/anexo-1-guia-de-construccion-sostenible.pdf,MP-02,Protección solar horizontal,Aleros/voladizos sobre ventanas; bloquean radiación con ángulo alto,medida_pasiva,operación,Principal,,,,Aleros perimetrales >80 cm son la estrategia vernacula mas comun en vivienda rural colombiana (Caribe; Pacifico; eje cafetero). Bajo costo; alta efectividad; facil de construir con mano de obra local,,si,templado calido_seco calido_humedo,Envolvente Cubierta,obligatorio,recomendada,ASV (°),CEELA:C02
Res.0194,https://minvivienda.gov.co/sites/default/files/normativa/anexo-1-guia-de-construccion-sostenible.pdf,MP-03,Protección solar vertical,Aletas laterales a ventanas; bloquean radiación con ángulo bajo,medida_pasiva,operación,Principal,,,,Celosias y lamas verticales en fachadas oeste son criticas en cálido seco rural (Guajira; Tatacoa). Materiales locales: guadua; bahareque; madera,,si,templado calido_seco,Envolvente,obligatorio,recomendada,ASH (°),CEELA:C02
Res.0194,https://minvivienda.gov.co/sites/default/files/normativa/anexo-1-guia-de-construccion-sostenible.pdf,MP-04,Protección solar combinada,Combinación de elementos horizontales + verticales,medida_pasiva,operación,Principal,,,,Combinacion alero + celosia es patron vernaculo del eje cafetero (bahareque con corredor perimetral). Patrimonio PCC UNESCO,,si,templado calido_seco calido_humedo,Envolvente,obligatorio,recomendada,ASV+ASH,CEELA:C02
Res.0194,https://minvivienda.gov.co/sites/default/files/normativa/anexo-1-guia-de-construccion-sostenible.pdf,MP-05,Valor U del vidrio,Resistencia del vidrio al flujo de calor; menor U = mejor aislante,medida_pasiva,operación,Principal,,,Complementario,Vidrios especiales tienen costo alto para VIS rural (presupuesto 70 SMLV). Alternativa: reducir área vidriada + usar protección solar externa,,condicional,frio,Envolvente,obligatorio,recomendada,Valor U (W/m²K),CEELA:C04; Res.0534:S-CT-1
Res.0194,https://minvivienda.gov.co/sites/default/files/normativa/anexo-1-guia-de-construccion-sostenible.pdf,MP-06,SHGC del vidrio,Coeficiente 0-1 de paso de radiación infrarroja; menor SHGC = menos ganancia solar,medida_pasiva,operación,Principal,,,,,,condicional,templado calido_seco calido_humedo,Envolvente,obligatorio,recomendada,SHGC (0-1),CEELA:C02
Res.0194,https://minvivienda.gov.co/sites/default/files/normativa/anexo-1-guia-de-construccion-sostenible.pdf,MP-07,Vidrio U + SHGC combinado,En cálido: SHGC bajo + U bajo; en frío: SHGC alto captura calor,medida_pasiva,operación,Principal,,,Complementario,,,condicional,todos,Envolvente,obligatorio,recomendada,Valor U + SHGC,CEELA:C02; C04
Res.0194,https://minvivienda.gov.co/sites/default/files/normativa/anexo-1-guia-de-construccion-sostenible.pdf,MP-08,Valor U cubierta,Aislamiento térmico del techo; material + aislante + cámara de aire,medida_pasiva,operación,Principal,,,Complementario,En vivienda rural la cubierta es el elemento con mayor ganancia solar. Aislamiento con materiales locales: paja comprimida (frio); palma (cálido húmedo); teja de barro (templado),,si,todos,Cubierta,obligatorio,recomendada,Valor U cubierta (W/m²K),CEELA:C04; Res.0534:S-CT-1
Res.0194,https://minvivienda.gov.co/sites/default/files/normativa/anexo-1-guia-de-construccion-sostenible.pdf,MP-09,Valor U paredes externas,Aislamiento térmico de fachadas; concreto; mampostería; livianos,medida_pasiva,operación,Principal,,,Complementario,Muros de tapia (>40 cm) y adobe tienen Valor U naturalmente bajo por su masa térmica. En frio andino son la solución vernacula de aislamiento sin costo adicional,,si,todos,Estructura Envolvente,obligatorio,recomendada,Valor U pared (W/m²K),CEELA:C04; Res.0534:S-CT-1
Res.0194,https://minvivienda.gov.co/sites/default/files/normativa/anexo-1-guia-de-construccion-sostenible.pdf,MP-10,Reflectividad paredes externas (SR),Capacidad de reflejar radiación solar (0-1); pinturas reflectantes,medida_pasiva,operación,Principal,,,,Pintura blanca exterior es la medida mas costo-efectiva para vivienda rural en cálido seco y húmedo. SRI alto con inversion mínima,,si,calido_seco calido_humedo,Envolvente,obligatorio,recomendada,SR (0-1),
Res.0194,https://minvivienda.gov.co/sites/default/files/normativa/anexo-1-guia-de-construccion-sostenible.pdf,MP-11,Reflectividad cubierta (SRI),Índice de reflectancia solar (0-100); pintura blanca SRI 79,medida_pasiva,operación,Principal,,,,Cubiertas de zinc sin pintura reflectiva son inhabitables en cálido (hasta 70 dB lluvia + 50°C radiacion). Pintura blanca o sobrecubierta de yotojoro (wayuu) reducen hasta 80% la temperatura,,si,calido_seco calido_humedo,Cubierta,obligatorio,recomendada,SRI (0-100),
Res.0194,https://minvivienda.gov.co/sites/default/files/normativa/anexo-1-guia-de-construccion-sostenible.pdf,MP-12,Cubierta verde,Sustrato + vegetación sobre losa; mitiga isla de calor,medida_pasiva,operación,Principal,,Complementario,,Cubierta verde requiere losa — no aplica directamente a vivienda rural con cubierta liviana. Alternativa rural: sobrecubierta vegetal sobre estructura liviana,,condicional,todos,Cubierta,obligatorio,recomendada,Valor U resultante (W/m²K),
Res.0194,https://minvivienda.gov.co/sites/default/files/normativa/anexo-1-guia-de-construccion-sostenible.pdf,MP-13,Inercia térmica,Materiales que almacenan calor y lo liberan progresivamente,medida_pasiva,operación,Principal,,,Complementario,Inercia térmica es la estrategia dominante en vivienda rural andina. Tapia pisada y adobe estabilizan ±3°C la oscilacion diurna. ENUT 2024-25: mujeres pasan 8h53min/dia en vivienda rural — el confort térmico las impacta directamente,,si,frio calido_seco,Estructura,obligatorio,recomendada,Capacidad térmica (kJ/m²K),CEELA:C04; Res.0534:S-CT-1
Res.0194,https://minvivienda.gov.co/sites/default/files/normativa/anexo-1-guia-de-construccion-sostenible.pdf,MP-14,Ventilación natural,Entrada y salida de aire sin sistemas mecánicos,medida_pasiva,operación,Principal,,,,Ventilación cruzada es la estrategia bioclimatica mas importante en cálido húmedo y seco rural. Palafito del Pacifico usa ventilación inferior; bahareque caribe usa aberturas opuestas. Critico para calidad del aire en cocinas con lena,,si,templado calido_seco calido_humedo,Envolvente,obligatorio,recomendada,ACH (cambios/hora),CEELA:C06; Res.0534:S-A-1
Res.0194,https://minvivienda.gov.co/sites/default/files/normativa/anexo-1-guia-de-construccion-sostenible.pdf,MP-15,Night flush (descarga nocturna),Eliminar calor diurno con aire fresco nocturno,medida_pasiva,operación,Principal,,,,Night flush funciona en cálido seco rural donde la oscilacion térmica diurna es >10°C (Tatacoa; Chicamocha; Guajira). Requiere masa térmica + aberturas operables,,si,calido_seco,Envolvente Cubierta,obligatorio,recomendada,ΔT diurna/nocturna,CEELA:C08
Res.0194,https://minvivienda.gov.co/sites/default/files/normativa/anexo-1-guia-de-construccion-sostenible.pdf,MA-01,Iluminación natural + control luz día,Aprovechar luz natural con sensores fotoeléctricos y dimerizadores,medida_activa,operación,Complementario,Principal,,,Iluminación natural es critica en vivienda rural donde el acceso a energía eléctrica puede ser limitado (ZNI). ENUT 2024-25: cocina y zona de lavado requieren iluminación adecuada para las 2h03min/dia que mujeres dedican a suministro de alimentos,,si,todos,Envolvente Instalaciones,obligatorio,recomendada,FLD (%),Res.0534:S-CL-1; S-CL-2
Res.0194,https://minvivienda.gov.co/sites/default/files/normativa/anexo-1-guia-de-construccion-sostenible.pdf,MA-02,Densidad potencia de luz (LED >90 lm/W),Luminarias LED eficientes; cumplir RETILAP Res. 40150/2024,medida_activa,operación,,Principal,,,LED >90 lm/W es la unica tecnologia viable en vivienda rural con panel solar (bajo consumo). Reemplaza velas y mecheros en ZNI. RETILAP 2024 obligatorio,,si,todos,Instalaciones,obligatorio,recomendada,LPD (W/m²); lm/W,CEELA:C10; PROURE Res.41286/2016 meta residencial
Res.0194,https://minvivienda.gov.co/sites/default/files/normativa/anexo-1-guia-de-construccion-sostenible.pdf,MA-03,Controles de iluminación,Sensores de ocupación; fotométricos; dimerizadores,medida_activa,operación,,Principal,,,,,condicional,todos,Instalaciones,obligatorio,recomendada,,CEELA:C10
Res.0194,https://minvivienda.gov.co/sites/default/files/normativa/anexo-1-guia-de-construccion-sostenible.pdf,MA-04,COP de aire acondicionado,Coeficiente de desempeño; priorizar refrigerantes bajo GWP,medida_activa,operación,,Principal,,,,,condicional,calido_humedo,Instalaciones,obligatorio,recomendada,COP (adimensional),CEELA:C13
Res.0194,https://minvivienda.gov.co/sites/default/files/normativa/anexo-1-guia-de-construccion-sostenible.pdf,MA-10,Agua caliente solar,Colectores solares para agua caliente,medida_activa,operación,,Principal,,,Calentador solar es viable en frio y templado rural. Reduce consumo de lena/gas para agua caliente. Incentivo tributario Ley 1715/2014 (exclusion IVA),,si,frio templado,Instalaciones,obligatorio,obligatorio,recomendada,Fracción solar (%)
Res.0194,https://minvivienda.gov.co/sites/default/files/normativa/anexo-1-guia-de-construccion-sostenible.pdf,MA-11,Enfriamiento evaporativo,Enfría aire mediante evaporación de agua,medida_activa,operación,,Principal,,,Enfriamiento evaporativo funciona en cálido seco rural (Guajira; Tatacoa) donde la humedad es baja. Bajo costo; no requiere electricidad si es pasivo (panel húmedo),,si,calido_seco,Instalaciones,obligatorio,obligatorio,recomendada,ΔT enfriamiento (°C)
Res.0194,https://minvivienda.gov.co/sites/default/files/normativa/anexo-1-guia-de-construccion-sostenible.pdf,MA-12,Calentamiento radiante,Red tuberías agua caliente en piso/paredes/techo,medida_activa,operación,,Principal,,,,,condicional,frio,Instalaciones,condicional,obligatorio,recomendada,T° superficie (°C)
Res.0194,https://minvivienda.gov.co/sites/default/files/normativa/anexo-1-guia-de-construccion-sostenible.pdf,MW-01,Accesorios ahorro agua,Grifería conservadora: bajo flujo; doble descarga,medida_hidrica,operación,,,Principal,,Aparatos de bajo consumo reducen demanda en vivienda rural con acueducto limitado o captación pluvial. Cada litro ahorrado = menos acarreo,,si,todos,Instalaciones,obligatorio,recomendada,Caudal (l/min),CEELA:C12
Res.0194,https://minvivienda.gov.co/sites/default/files/normativa/anexo-1-guia-de-construccion-sostenible.pdf,MW-02,Lavamanos eficientes,Cierre automático + aireadores; público <2 l/min; privado <6.8 l/min,medida_hidrica,operación,,,Principal,,Grifo de cierre automático + aireador: inversion pequena; ahorro significativo en rural donde cada litro cuenta,,si,todos,Instalaciones,obligatorio,recomendada,Caudal (l/min),CEELA:C12
Res.0194,https://minvivienda.gov.co/sites/default/files/normativa/anexo-1-guia-de-construccion-sostenible.pdf,MW-03,Duchas bajo flujo,Caudal <8 l/min eficiente,medida_hidrica,operación,,,Principal,,Ducha de bajo flujo (<8 l/min) reduce demanda de agua calentada con lena o solar — ahorro energetico + hídrico,,si,todos,Instalaciones,obligatorio,recomendada,Caudal (l/min),CEELA:C12
Res.0194,https://minvivienda.gov.co/sites/default/files/normativa/anexo-1-guia-de-construccion-sostenible.pdf,MW-05,Inodoros eficientes,Simple <4.8 l/descarga; doble <4.5 l/descarga,medida_hidrica,operación,,,Principal,,Inodoro doble descarga (<4.5 l) es la medida de agua con mejor costo-beneficio para VIS rural,,si,todos,Instalaciones,obligatorio,recomendada,l/descarga,CEELA:C12
Res.0194,https://minvivienda.gov.co/sites/default/files/normativa/anexo-1-guia-de-construccion-sostenible.pdf,MW-06,Tratamiento aguas grises,PTAR para aguas residuales excepto sanitarios y cocina,medida_hidrica,operación,,,Principal,,Tratamiento aguas grises en rural: humedal artificial o trampa de grasa + campo de infiltracion. No requiere energía,,condicional,todos,Instalaciones,obligatorio,recomendada,% reciclada,CEELA:C12; Decreto 3930/2010 (vertimientos; control aguas residuales)
Res.0194,https://minvivienda.gov.co/sites/default/files/normativa/anexo-1-guia-de-construccion-sostenible.pdf,MW-07,Tratamiento aguas negras,PTAR para todas las aguas residuales,medida_hidrica,operación,,,Principal,,Aguas negras en rural sin alcantarillado: biodigestor o pozo septico mejorado. RAS Res. 0330/2017 aplica,,condicional,todos,Instalaciones,obligatorio,recomendada,% reciclada,CEELA:C12; Decreto 3930/2010 (vertimientos)
Res.0194,https://minvivienda.gov.co/sites/default/files/normativa/anexo-1-guia-de-construccion-sostenible.pdf,MW-08,Captación aguas lluvias,Captación por cubiertas → filtrado → PTALL → redistribución,medida_hidrica,operación,,,Principal,,ENUT 2024-25: 70% mujeres participan en limpieza/mantenimiento (incluye acarreo agua en rural); 8h53min/día trabajo no remunerado en rural disperso; captación pluvial elimina acarreo (Ley 2462 Fin 3) | RURAL: ENUT 2024-25: 70% mujeres participan en limpieza/mantenimiento que incluye acarreo agua en rural; 8h53min/dia trabajo no remunerado. Captación pluvial elimina acarreo y libera tiempo. Ley 2462 Fin 3,L-F03,si,todos,Instalaciones,obligatorio,a_discrecion,m³/año,CEELA:C12; Ley.2462:L-F03
Res.0194,https://minvivienda.gov.co/sites/default/files/normativa/anexo-1-guia-de-construccion-sostenible.pdf,MW-09,Paisajismo eficiente en agua,Vegetación nativa; bajo consumo riego; establecimiento <2 años,medida_hidrica,operación,,,Principal,,Paisajismo con vegetacion nativa: sin riego adicional; contribuye a biodiversidad; sombra natural. Especialmente util en cálido seco rural,,si,calido_seco,Exterior,obligatorio,recomendada,% reducción riego,CEELA:C09
Res.0534,https://minvivienda.gov.co/sites/default/files/normativa/anexo-guia-tecnica-criterios-de-sostenibilidad-para-edificaciones-ciclo-de-vida_1_0.pdf,A-E-1,Energía embebida en materiales,ACV de energía total consumida por un material en su ciclo de vida,criterio_ambiental,extracción/manufactura,,,,Principal,Energía embebida en materiales rurales: tapia (GWP ~0.08 kg CO2eq/kg) vs. bloque concreto (~0.12) vs. ladrillo (~0.22). Materiales locales tienen menor energía embebida por menor transporte (<100 km),,si,todos,Estructura Envolvente,obligatorio,minimo,MJ/unidad funcional,CEELA:C03
Res.0534,https://minvivienda.gov.co/sites/default/files/normativa/anexo-guia-tecnica-criterios-de-sostenibilidad-para-edificaciones-ciclo-de-vida_1_0.pdf,A-E-2,Consumo proyectado energía operación,Cumplir % ahorro Res. 0194; diseño bioclimático; simulación,criterio_ambiental,diseño,Principal,Principal,,,En vivienda rural el consumo energetico proyectado es bajo (sin HVAC); el enfoque debe ser maximizar estrategias pasivas antes que activas. Diseño bioclimatico es mas critico que eficiencia de equipos,,si,todos,todos,obligatorio,minimo,% ahorro vs línea base,Res.0194:MP-01 a MP-15
Res.0534,https://minvivienda.gov.co/sites/default/files/normativa/anexo-guia-tecnica-criterios-de-sostenibilidad-para-edificaciones-ciclo-de-vida_1_0.pdf,A-E-3,Ahorro energía en construcción,Control global consumo eléctrico mes a mes en obra,criterio_ambiental,construcción,,Principal,,,,,si,todos,,obligatorio,minimo,kWh/mes,
Res.0534,https://minvivienda.gov.co/sites/default/files/normativa/anexo-guia-tecnica-criterios-de-sostenibilidad-para-edificaciones-ciclo-de-vida_1_0.pdf,A-E-4,Medición y control consumo energía,Medidores por cada fuente de abastecimiento,criterio_ambiental,operación,,Principal,,,,,condicional,todos,Instalaciones,obligatorio,minimo,,CEELA:C15
Res.0534,https://minvivienda.gov.co/sites/default/files/normativa/anexo-guia-tecnica-criterios-de-sostenibilidad-para-edificaciones-ciclo-de-vida_1_0.pdf,A-E-5,Desempeño energético en el tiempo,Verificación calidad sistemas que consumen energía,criterio_ambiental,operación,,Principal,,,,,condicional,todos,Instalaciones,obligatorio,minimo,,CEELA:C15
Res.0534,https://minvivienda.gov.co/sites/default/files/normativa/anexo-guia-tecnica-criterios-de-sostenibilidad-para-edificaciones-ciclo-de-vida_1_0.pdf,A-E-6,Ahorro energía en deconstrucción,Control global consumo eléctrico en deconstrucción,criterio_ambiental,deconstrucción,,Principal,,,,,condicional,todos,,obligatorio,minimo,kWh/mes,
Res.0534,https://minvivienda.gov.co/sites/default/files/normativa/anexo-guia-tecnica-criterios-de-sostenibilidad-para-edificaciones-ciclo-de-vida_1_0.pdf,A-A-1,Huella hídrica de materiales,ACV de huella hídrica; materiales estructurales y envolvente,criterio_ambiental,extracción/manufactura,,,Complementario,Principal,,,si,todos,Estructura Envolvente,obligatorio,minimo,m³/unidad funcional,
Res.0534,https://minvivienda.gov.co/sites/default/files/normativa/anexo-guia-tecnica-criterios-de-sostenibilidad-para-edificaciones-ciclo-de-vida_1_0.pdf,A-A-2,Eutrofización,ACV potencial de eutrofización de materiales,criterio_ambiental,extracción/manufactura,,,Complementario,Principal,,,si,todos,Estructura Envolvente,obligatorio,minimo,kg PO₄eq,
Res.0534,https://minvivienda.gov.co/sites/default/files/normativa/anexo-guia-tecnica-criterios-de-sostenibilidad-para-edificaciones-ciclo-de-vida_1_0.pdf,A-A-3,Consumo agua proyectado operación,Cumplir % ahorro agua Res. 0194; balance hídrico,criterio_ambiental,diseño,,,Principal,,,,si,todos,Instalaciones,obligatorio,minimo,% ahorro vs línea base,Res.0194:MW-01 a MW-10; CEELA:C12
Res.0534,https://minvivienda.gov.co/sites/default/files/normativa/anexo-guia-tecnica-criterios-de-sostenibilidad-para-edificaciones-ciclo-de-vida_1_0.pdf,A-A-4,Ahorro agua en construcción,Control global consumo agua mes a mes en obra,criterio_ambiental,construcción,,,Principal,,,,si,todos,,obligatorio,minimo,m³/mes,
Res.0534,https://minvivienda.gov.co/sites/default/files/normativa/anexo-guia-tecnica-criterios-de-sostenibilidad-para-edificaciones-ciclo-de-vida_1_0.pdf,A-A-5,Plan erosión; sedimentación; vertidos,Elaborar y ejecutar plan de control,criterio_ambiental,construcción,,,Principal,,,,si,todos,,obligatorio,minimo,,; Decreto 3930/2010 (control vertimientos en obra)
Res.0534,https://minvivienda.gov.co/sites/default/files/normativa/anexo-guia-tecnica-criterios-de-sostenibilidad-para-edificaciones-ciclo-de-vida_1_0.pdf,A-A-6,Medición y control consumo agua,Medidores por cada fuente de abastecimiento,criterio_ambiental,operación,,,Principal,,,,si,todos,Instalaciones,obligatorio,minimo,,CEELA:C15
Res.0534,https://minvivienda.gov.co/sites/default/files/normativa/anexo-guia-tecnica-criterios-de-sostenibilidad-para-edificaciones-ciclo-de-vida_1_0.pdf,A-A-7,Desempeño consumo agua en el tiempo,Verificación calidad sistemas que consumen agua,criterio_ambiental,operación,,,Principal,,,,si,todos,Instalaciones,obligatorio,minimo,,CEELA:C15
Res.0534,https://minvivienda.gov.co/sites/default/files/normativa/anexo-guia-tecnica-criterios-de-sostenibilidad-para-edificaciones-ciclo-de-vida_1_0.pdf,A-EM-1,Emisiones GEI por fabricación materiales,ACV de GEI; materiales estructurales y envolvente,criterio_ambiental,extracción/manufactura,,,,Principal,,,si,todos,Estructura Envolvente,obligatorio,minimo,kg CO₂eq,CEELA:C03; Res.0831/2020 (MRV acciones mitigacion)
Res.0534,https://minvivienda.gov.co/sites/default/files/normativa/anexo-guia-tecnica-criterios-de-sostenibilidad-para-edificaciones-ciclo-de-vida_1_0.pdf,A-EM-2,Protección capa de ozono por fabricación,ACV potencial agotamiento capa ozono,criterio_ambiental,extracción/manufactura,,,,Principal,,,si,todos,Estructura Envolvente,obligatorio,minimo,kg CFC-11eq,
Res.0534,https://minvivienda.gov.co/sites/default/files/normativa/anexo-guia-tecnica-criterios-de-sostenibilidad-para-edificaciones-ciclo-de-vida_1_0.pdf,A-EM-3,Compuestos ácidos emitidos al aire,ACV potencial acidificación,criterio_ambiental,extracción/manufactura,,,,Principal,,,si,todos,Estructura Envolvente,obligatorio,minimo,kg SO₂eq,
Res.0534,https://minvivienda.gov.co/sites/default/files/normativa/anexo-guia-tecnica-criterios-de-sostenibilidad-para-edificaciones-ciclo-de-vida_1_0.pdf,A-EM-4,Contaminación atmosférica por fabricación,ACV formación ozono troposférico,criterio_ambiental,extracción/manufactura,,,,Principal,,,si,todos,Estructura Envolvente,obligatorio,minimo,POCP,
Res.0534,https://minvivienda.gov.co/sites/default/files/normativa/anexo-guia-tecnica-criterios-de-sostenibilidad-para-edificaciones-ciclo-de-vida_1_0.pdf,A-EM-5,Emisiones GEI ciclo de vida del proyecto,ACV huella de carbono del edificio (estructura + envolvente). NDC 2020: Colombia compromete reduccion 176 Mt CO2eq a 2030; sector vivienda incluido; edificaciones nuevas deben ser bajas en carbono,criterio_ambiental,diseño,,Complementario,,Principal,,,si,todos,Estructura Envolvente,obligatorio,minimo,kg CO₂eq edificio; NDC: 176 Mt CO2eq reduccion a 2030,CEELA:C03
Res.0534,https://minvivienda.gov.co/sites/default/files/normativa/anexo-guia-tecnica-criterios-de-sostenibilidad-para-edificaciones-ciclo-de-vida_1_0.pdf,A-EM-6,Emisiones GEI combustibles fósiles en obra,Fichas mantenimiento preventivo maquinaria,criterio_ambiental,construcción,,Principal,,,,,si,todos,todos,,obligatorio,mínimo,
Res.0534,https://minvivienda.gov.co/sites/default/files/normativa/anexo-guia-tecnica-criterios-de-sostenibilidad-para-edificaciones-ciclo-de-vida_1_0.pdf,A-EM-7,Plan control contaminación atmosférica,Elaborar y ejecutar plan durante obra,criterio_ambiental,construcción,,,,Complementario,,,si,todos,,obligatorio,minimo,,
Res.0534,https://minvivienda.gov.co/sites/default/files/normativa/anexo-guia-tecnica-criterios-de-sostenibilidad-para-edificaciones-ciclo-de-vida_1_0.pdf,A-EM-8,Uso FNCE para reducir GEI,Reemplazar mínimo 1% energía total con fuentes no convencionales. E2050: 100% edificaciones nuevas Net Zero a partir de 2030; existentes Net Zero a 2050 (WorldGBC). 75% RCD aprovechables en peso total materiales,criterio_ambiental,operación,,Principal,,,FNCE en rural: panel solar FV es la opcion principal en ZNI. E2050: 100% edificaciones nuevas Net Zero a 2030. Ley 1715/2014: exclusion IVA para equipos renovables,,si,todos,Instalaciones,obligatorio,obligatorio,mínimo; E2050: 100% nuevas Net Zero 2030; 75% RCD aprovechable,% energía FNCE; E2050 Estrategia Climatica LP
Res.0534,https://minvivienda.gov.co/sites/default/files/normativa/anexo-guia-tecnica-criterios-de-sostenibilidad-para-edificaciones-ciclo-de-vida_1_0.pdf,A-M-1,Diseño con materiales con atributos sostenibilidad,ACV para materiales envolvente y estructurales; especificar atributos,criterio_ambiental,diseño,,,,Principal,En rural los materiales con atributos de sostenibilidad son frecuentemente los vernaculos: tierra (tapia; adobe; BTC); guadua; madera local. La certificación formal (ACV; EPD) no existe para estos — documentar como patrimonio constructivo,,si,todos,Estructura Envolvente,obligatorio,minimo,,CEELA:C03; C05; CONPES 3934 (Crecimiento Verde 2030)
Res.0534,https://minvivienda.gov.co/sites/default/files/normativa/anexo-guia-tecnica-criterios-de-sostenibilidad-para-edificaciones-ciclo-de-vida_1_0.pdf,A-M-2,Política de compras sostenibles,Política para adecuaciones y remodelaciones futuras,criterio_ambiental,operación,,,,Principal,,,si,todos,,obligatorio,minimo,,; CONPES 3934; Estrategia Economia Circular MADS
Res.0534,https://minvivienda.gov.co/sites/default/files/normativa/anexo-guia-tecnica-criterios-de-sostenibilidad-para-edificaciones-ciclo-de-vida_1_0.pdf,A-S-1,Evaluación del sitio,Evaluación que retroalimente decisiones de diseño; remediación si contaminación,criterio_ambiental,diseño,Complementario,,Complementario,Complementario,,,si,todos,,obligatorio,minimo,,CEELA:C09
Res.0534,https://minvivienda.gov.co/sites/default/files/normativa/anexo-guia-tecnica-criterios-de-sostenibilidad-para-edificaciones-ciclo-de-vida_1_0.pdf,A-R-1,Circularidad,REP en empaques y envases; reincorporación a ciclo biológico o tecnológico,criterio_ambiental,extracción/manufactura,,,,Principal,Circularidad en rural: la vivienda de tapia al demolerse vuelve a ser tierra; la guadua se reutiliza; el bahareque se reconstruye. Los sistemas vernaculos SON circulares por naturaleza,,si,todos,Estructura Envolvente,obligatorio,minimo,% reincorporación,; CONPES 3934 meta reciclaje materiales
Res.0534,https://minvivienda.gov.co/sites/default/files/normativa/anexo-guia-tecnica-criterios-de-sostenibilidad-para-edificaciones-ciclo-de-vida_1_0.pdf,A-R-2,Diseño modular para disminuir RCD,Modulación espacios según tamaños típicos de materiales,criterio_ambiental,diseño,,,,Principal,Diseño modular en rural: sistemas de entramado liviano (guadua; madera) permiten ampliacion futura sin reforzar estructura. PNVISR define vivienda progresiva,,si,todos,Estructura Envolvente,obligatorio,minimo,,
Res.0534,https://minvivienda.gov.co/sites/default/files/normativa/anexo-guia-tecnica-criterios-de-sostenibilidad-para-edificaciones-ciclo-de-vida_1_0.pdf,A-R-3,Diseño espacios manejo integral residuos,Espacio para separación: reciclables; compostables; peligrosos; ordinarios,criterio_ambiental,diseño,,,,Complementario,,,si,todos,Envolvente,obligatorio,minimo,,
Res.0534,https://minvivienda.gov.co/sites/default/files/normativa/anexo-guia-tecnica-criterios-de-sostenibilidad-para-edificaciones-ciclo-de-vida_1_0.pdf,A-R-4,Plan gestión RCD construcción,Plan previo inicio obra según regulación. E2050: meta 75% de RCD aprovechables en peso total de materiales usados en nuevas edificaciones,criterio_ambiental,construcción,,,,Complementario,,,si,todos,,obligatorio,minimo,% desvío de relleno; E2050: 75% RCD aprovechable,
Res.0534,https://minvivienda.gov.co/sites/default/files/normativa/anexo-guia-tecnica-criterios-de-sostenibilidad-para-edificaciones-ciclo-de-vida_1_0.pdf,A-R-5,Política gestión residuos operación,5 flujos: RAEE; RCD remodelaciones; peligrosos,criterio_ambiental,operación,,,,Complementario,,,si,todos,,obligatorio,minimo,,
Res.0534,https://minvivienda.gov.co/sites/default/files/normativa/anexo-guia-tecnica-criterios-de-sostenibilidad-para-edificaciones-ciclo-de-vida_1_0.pdf,A-R-6,Plan gestión RCD deconstrucción,Plan previo según regulación,criterio_ambiental,deconstrucción,,,,Complementario,,,si,todos,,obligatorio,minimo,% desvío de relleno,
Res.0534,https://minvivienda.gov.co/sites/default/files/normativa/anexo-guia-tecnica-criterios-de-sostenibilidad-para-edificaciones-ciclo-de-vida_1_0.pdf,A-FL-1,Madera responsable,Salvoconducto SUNL; LOF; informe anual proveedor; FSC/PEFC deseable,criterio_ambiental,extracción/manufactura,,,,Principal,Madera responsable en rural: verificar SUNL; LOF. En eje cafetero la guadua tiene NTC 5301. FSC/PEFC deseable pero poco disponible en zonas rurales remotas,,si,todos,Estructura Cubierta,obligatorio,minimo,,
Res.0534,https://minvivienda.gov.co/sites/default/files/normativa/anexo-guia-tecnica-criterios-de-sostenibilidad-para-edificaciones-ciclo-de-vida_1_0.pdf,A-FL-2,Prevención deforestación cadena productiva,Soportes legalidad de productos; informes sostenibilidad,criterio_ambiental,extracción/manufactura,,,,Principal,,,si,todos,Estructura Cubierta,obligatorio,minimo,,
Res.0534,https://minvivienda.gov.co/sites/default/files/normativa/anexo-guia-tecnica-criterios-de-sostenibilidad-para-edificaciones-ciclo-de-vida_1_0.pdf,A-FL-3,Plan gestión flora y fauna en obra,Elaborar y ejecutar plan durante actividades constructivas,criterio_ambiental,construcción,,,,Complementario,,,si,todos,,obligatorio,minimo,,
Res.0534,https://minvivienda.gov.co/sites/default/files/normativa/anexo-guia-tecnica-criterios-de-sostenibilidad-para-edificaciones-ciclo-de-vida_1_0.pdf,A-SE-1,Sistemas drenaje sostenible (SUDS),Cumplir RAS referente a SUDS,criterio_ambiental,diseño,,,Principal,,,,si,todos,Exterior,obligatorio,minimo,,
Res.0534,https://minvivienda.gov.co/sites/default/files/normativa/anexo-guia-tecnica-criterios-de-sostenibilidad-para-edificaciones-ciclo-de-vida_1_0.pdf,A-SE-2,Plan mantenimiento del sitio,Contar con plan de mantenimiento adecuado,criterio_ambiental,operación,Complementario,,Complementario,,,,si,todos,Exterior,obligatorio,minimo,,
Res.0534,https://minvivienda.gov.co/sites/default/files/normativa/anexo-guia-tecnica-criterios-de-sostenibilidad-para-edificaciones-ciclo-de-vida_1_0.pdf,S-CT-1,Confort térmico por diseño bioclimático,Análisis bioclimático; especificar aislamiento; ganancia solar; reflectancia; emitancia,criterio_social,diseño,Principal,,,,Confort térmico en vivienda rural: analisis bioclimatico debe considerar que la vivienda ES el lugar de trabajo (cocina; procesamiento; artesania). ENUT: mujeres rurales 8h53min/dia en la vivienda,,si,todos,Estructura Envolvente,obligatorio,minimo,ASHRAE 55-2023 (deseable),Res.0194:MP-05 a MP-15; CEELA:C02; C04; C06; C08
Res.0534,https://minvivienda.gov.co/sites/default/files/normativa/anexo-guia-tecnica-criterios-de-sostenibilidad-para-edificaciones-ciclo-de-vida_1_0.pdf,S-CT-2,Resguardo y sombra trabajadores en obra,Áreas de resguardo con semicubiertas,criterio_social,construcción,Complementario,,,,,,si,todos,,obligatorio,minimo,,
Res.0534,https://minvivienda.gov.co/sites/default/files/normativa/anexo-guia-tecnica-criterios-de-sostenibilidad-para-edificaciones-ciclo-de-vida_1_0.pdf,S-CT-3,Confort y controlabilidad térmica,Encuestas confort térmico a usuarios + medidas de mejora,criterio_social,operación,Principal,Complementario,,,,,si,todos,Instalaciones,obligatorio,minimo,,CEELA:C11
Res.0534,https://minvivienda.gov.co/sites/default/files/normativa/anexo-guia-tecnica-criterios-de-sostenibilidad-para-edificaciones-ciclo-de-vida_1_0.pdf,S-CL-1,Control contaminación lumínica,Iluminación exterior con protecciones; evitar luz al cielo,criterio_social,diseño,Principal,Complementario,,,,,si,todos,Instalaciones,obligatorio,minimo,,
Res.0534,https://minvivienda.gov.co/sites/default/files/normativa/anexo-guia-tecnica-criterios-de-sostenibilidad-para-edificaciones-ciclo-de-vida_1_0.pdf,S-CL-2,Confort y controlabilidad lumínica,Controles individuales de iluminación,criterio_social,operación,Principal,Complementario,,,,,si,todos,Instalaciones,obligatorio,minimo,,CEELA:C10
Res.0534,https://minvivienda.gov.co/sites/default/files/normativa/anexo-guia-tecnica-criterios-de-sostenibilidad-para-edificaciones-ciclo-de-vida_1_0.pdf,S-A-1,Calidad del aire interior,Cumplir tasas renovación ASHRAE 62.1/62.2-2022,criterio_social,diseño,Principal,,,,Calidad del aire interior en rural: el problema NO es HVAC sino humo de cocina a lena. 78.7% mujeres cocinan (ENUT 2024-25); exposicion a PM2.5 es diferencial por género. Estufa eficiente es medida de salud + género,,si,todos,Envolvente,obligatorio,minimo,ACH según ASHRAE,Res.0194:MP-14; CEELA:C06
Res.0534,https://minvivienda.gov.co/sites/default/files/normativa/anexo-guia-tecnica-criterios-de-sostenibilidad-para-edificaciones-ciclo-de-vida_1_0.pdf,S-A-2,Plan control calidad aire en obra,Plan de control durante actividades constructivas,criterio_social,construcción,Complementario,,,,,,si,todos,,obligatorio,minimo,,
Res.0534,https://minvivienda.gov.co/sites/default/files/normativa/anexo-guia-tecnica-criterios-de-sostenibilidad-para-edificaciones-ciclo-de-vida_1_0.pdf,S-A-3,Calidad del aire en el tiempo,Verificación calidad sistemas relacionados,criterio_social,operación,Principal,,,,,,si,todos,Instalaciones,obligatorio,minimo,,CEELA:C15
Res.0534,https://minvivienda.gov.co/sites/default/files/normativa/anexo-guia-tecnica-criterios-de-sostenibilidad-para-edificaciones-ciclo-de-vida_1_0.pdf,S-CA-1,Confort acústico,Ruido fondo máximo 40 dBA; tratamiento acústico si >60 dBA,criterio_social,diseño,Principal,,,,,,si,todos,Envolvente,obligatorio,minimo,dBA,
Res.0534,https://minvivienda.gov.co/sites/default/files/normativa/anexo-guia-tecnica-criterios-de-sostenibilidad-para-edificaciones-ciclo-de-vida_1_0.pdf,S-CA-2,Plan control ruido en obra,Plan de control durante actividades constructivas,criterio_social,construcción,Complementario,,,,,,si,todos,,obligatorio,minimo,,
Res.0534,https://minvivienda.gov.co/sites/default/files/normativa/anexo-guia-tecnica-criterios-de-sostenibilidad-para-edificaciones-ciclo-de-vida_1_0.pdf,S-H-1,Materiales no perjudiciales (HPD; VOC),Inventario ingredientes HPD; VOC pinturas; adhesivos; pisos; aislamientos,criterio_social,diseño,,,,Principal,Materiales no toxicos en rural: verificar pinturas (VOC); evitar asbesto en cubiertas (fibrocemento viejo); preferir materiales naturales (tierra; cal; madera sin tratamiento quimico),,si,todos,Acabados y complementos,obligatorio,minimo,VOC (g/L); HPD,CEELA:C05
Res.0534,https://minvivienda.gov.co/sites/default/files/normativa/anexo-guia-tecnica-criterios-de-sostenibilidad-para-edificaciones-ciclo-de-vida_1_0.pdf,S-H-2,Higiene y seguridad trabajadores en obra,Programa educación + señalización adecuada,criterio_social,construcción,Transversal,Transversal,Transversal,Transversal,,,si,todos,,obligatorio,minimo,,
Res.0534,https://minvivienda.gov.co/sites/default/files/normativa/anexo-guia-tecnica-criterios-de-sostenibilidad-para-edificaciones-ciclo-de-vida_1_0.pdf,S-H-3,Plan manejo Legionella,Elaboración e implementación del plan,criterio_social,operación,,,Complementario,,,,condicional,todos,Instalaciones,obligatorio,minimo,,
Res.0534,https://minvivienda.gov.co/sites/default/files/normativa/anexo-guia-tecnica-criterios-de-sostenibilidad-para-edificaciones-ciclo-de-vida_1_0.pdf,S-AC-1,Accesibilidad universal,Normativa nacional: accesibilidad; señalización; viviendas sin barreras,criterio_social,diseño,Transversal,Transversal,Transversal,Transversal,Ley 361/1997; Ley 1618/2013; NTC 6047 | RURAL: Accesibilidad en vivienda rural: alta proporcion de adultos mayores por migracion juvenil urbana. NTC 6047; Ley 361/1997; Sentencia T-333/22 (vivienda digna incluye adecuacion cultural),L-E07,si,todos,Envolvente,obligatorio,minimo,,Ley.2462:L-E07
Res.0534,https://minvivienda.gov.co/sites/default/files/normativa/anexo-guia-tecnica-criterios-de-sostenibilidad-para-edificaciones-ciclo-de-vida_1_0.pdf,S-AC-2,Mantenimiento circulaciones y accesos,Mantener accesos; pasillos y puntos fijos libres de obstáculos,criterio_social,operación,Transversal,Transversal,Transversal,Transversal,Personas con movilidad reducida,L-E07,si,todos,Envolvente,obligatorio,minimo,,Ley.2462:L-E07
Res.0534,https://minvivienda.gov.co/sites/default/files/normativa/anexo-guia-tecnica-criterios-de-sostenibilidad-para-edificaciones-ciclo-de-vida_1_0.pdf,S-AS-1,Distancia a servicios de uso diario,Acceso a ≥4 usos diversos a ≤800m peatonal,criterio_social,diseño,Transversal,Transversal,Transversal,Transversal,,,condicional,todos,Exterior,obligatorio,minimo,distancia (m),
Res.0534,https://minvivienda.gov.co/sites/default/files/normativa/anexo-guia-tecnica-criterios-de-sostenibilidad-para-edificaciones-ciclo-de-vida_1_0.pdf,E-CI-1,Incidencia criterios sostenibilidad en costos inversión,Análisis costo-beneficio de medidas implementadas,criterio_economico,diseño,Transversal,Transversal,Transversal,Transversal,,,si,todos,,obligatorio,minimo,,
Res.0534,https://minvivienda.gov.co/sites/default/files/normativa/anexo-guia-tecnica-criterios-de-sostenibilidad-para-edificaciones-ciclo-de-vida_1_0.pdf,E-CC-1,Sostenibilidad en estrategia comercial,Desarrollar estrategia comercial desde la sostenibilidad,criterio_economico,diseño,Transversal,Transversal,Transversal,Transversal,,,condicional,todos,,obligatorio,minimo,,
CEELA,https://proyectoceela.com/conceptos-clave/,C01,Diseño integrado,Involucrar todos los actores desde fases iniciales para optimizar sostenibilidad,criterio,todas,Transversal,Transversal,Transversal,Transversal,Participación comunitaria en diseño | Fuente: https://proyectoceela.com/ (Conceptos clave - 15 principios EECA),L-E01,si,todos,,voluntario,,,Ley.2462:L-E01
CEELA,https://proyectoceela.com/conceptos-clave/,C02,Control radiación solar directa,Protecciones solares; aleros; vidrios adecuados; vegetación,criterio,diseño,Principal,,,,Control radiacion solar en rural: aleros; corredores perimetrales; arborizacion son estrategias vernaculas de bajo costo. Conecta con protección solar de mujeres y ninos en zonas productivas exteriores | Fuente: https://proyectoceela.com/ (Conceptos clave - 15 principios EECA),,si,templado calido_seco calido_humedo,Envolvente Cubierta,voluntario,,,Res.0194:MP-02 a MP-07; Res.0534:S-CT-1
CEELA,https://proyectoceela.com/conceptos-clave/,C03,Energía incorporada,Energía en extracción; fabricación y transporte de materiales,criterio,extracción/manufactura,,,,Principal,Energía incorporada: priorizar materiales locales (<300 km CASA Colombia). Tapia; adobe; guadua tienen menor energía embebida que cemento; acero; vidrio | Fuente: https://proyectoceela.com/ (Conceptos clave - 15 principios EECA),,si,todos,Estructura Envolvente,voluntario,,MJ/kg; kg CO₂eq/kg,Res.0534:A-E-1; A-EM-1
CEELA,https://proyectoceela.com/conceptos-clave/,C04,Aislamiento térmico,Aislamiento en muros; techos y pisos para estabilizar temperatura,criterio,diseño,Principal,,,Complementario,Aislamiento térmico en rural frio: muros gruesos de tapia/adobe; cubierta con paja; piso aislado del suelo. Alternativas naturales al poliuretano | Fuente: https://proyectoceela.com/ (Conceptos clave - 15 principios EECA),,si,todos,Estructura Envolvente Cubierta,voluntario,,Valor U (W/m²K),Res.0194:MP-05; MP-08; MP-09; MP-13; Res.0534:S-CT-1
CEELA,https://proyectoceela.com/conceptos-clave/,C05,Reducción materiales tóxicos,Materiales saludables sin compuestos dañinos,criterio,diseño,,,,Principal,Fuente: https://proyectoceela.com/ (Conceptos clave - 15 principios EECA),,si,todos,Acabados y complementos,voluntario,,VOC; HPD,Res.0534:S-H-1
CEELA,https://proyectoceela.com/conceptos-clave/,C06,Movimiento del aire,Ventilación cruzada y flujo de aire natural,criterio,diseño,Principal,,,,Ventilación natural: en rural es la UNICA estrategia de climatizacion disponible (sin HVAC). Disenar para vientos dominantes locales es obligatorio | Fuente: https://proyectoceela.com/ (Conceptos clave - 15 principios EECA),,si,templado calido_seco calido_humedo,Envolvente,voluntario,,ACH,Res.0194:MP-14; Res.0534:S-A-1
CEELA,https://proyectoceela.com/conceptos-clave/,C07,Reducción combustibles fósiles,Minimizar gas/petróleo para operación del edificio,criterio,operación,,Principal,,,Fuente: https://proyectoceela.com/ (Conceptos clave - 15 principios EECA),,si,todos,Instalaciones,voluntario,,,Res.0534:A-EM-6; A-EM-8
CEELA,https://proyectoceela.com/conceptos-clave/,C08,Enfriamiento nocturno,Aire fresco nocturno para enfriar masa térmica,criterio,operación,Principal,,,,Fuente: https://proyectoceela.com/ (Conceptos clave - 15 principios EECA),,si,calido_seco,Envolvente Cubierta,voluntario,,ΔT noche,Res.0194:MP-15
CEELA,https://proyectoceela.com/conceptos-clave/,C09,Diseño bioclimático espacios exteriores,Patios; jardines para mejorar microclima; sombra; ventilación,criterio,diseño,Principal,,Complementario,,Fuente: https://proyectoceela.com/ (Conceptos clave - 15 principios EECA),,si,todos,Exterior,voluntario,,,Res.0194:MW-09; Res.0534:A-S-1
CEELA,https://proyectoceela.com/conceptos-clave/,C10,Equipos e iluminación alta eficiencia,LED; electrodomésticos bajo consumo,criterio,operación,,Principal,,,Fuente: https://proyectoceela.com/ (Conceptos clave - 15 principios EECA),,si,todos,Instalaciones,voluntario,,lm/W; W,Res.0194:MA-02; MA-03
CEELA,https://proyectoceela.com/conceptos-clave/,C11,Comportamiento del usuario,Diseñar considerando uso real; fomentar prácticas eficientes,criterio,operación,Transversal,Transversal,Transversal,,Conecta con economía del cuidado (Ley 2462) | Fuente: https://proyectoceela.com/ (Conceptos clave - 15 principios EECA),,si,todos,todos,,voluntario,,
CEELA,https://proyectoceela.com/conceptos-clave/,C12,Gestión consciente del agua,Grifos bajo caudal; inodoros eficientes; captación lluvia,criterio,operación,,,Principal,,Reduce acarreo agua mujeres/niñas | RURAL: Gestión agua en rural: captación pluvial + bajo consumo + reuso. En cálido seco la captación es critica; en cálido húmedo la evacuacion es critica. ENUT: acarreo agua impacta mujeres/ninas | Fuente: https://proyectoceela.com/ (Conceptos clave - 15 principios EECA),,si,todos,Instalaciones,voluntario,,l/min; l/descarga; m³/año,Res.0194:MW-01 a MW-08
CEELA,https://proyectoceela.com/conceptos-clave/,C13,Climatización eficiente,HVAC de alta eficiencia energética cuando sea necesario,criterio,operación,,Principal,,,Fuente: https://proyectoceela.com/ (Conceptos clave - 15 principios EECA),,condicional,calido_humedo frio,Instalaciones,voluntario,,COP; EER,Res.0194:MA-04; MA-08; MA-13
CEELA,https://proyectoceela.com/conceptos-clave/,C14,Autogeneración electricidad renovable,Paneles solares FV u otras tecnologías renovables in situ,criterio,operación,,Principal,,,Autogeneracion renovable: panel solar FV es la solución dominante en ZNI rural. Microeolica en Guajira y páramo. Biogas donde hay produccion animal | Fuente: https://proyectoceela.com/ (Conceptos clave - 15 principios EECA),,si,todos,Instalaciones,voluntario,,kWp; % energía,Res.0534:A-EM-8
CEELA,https://proyectoceela.com/conceptos-clave/,C15,Monitoreo,Sistemas de medición consumo energético; generación renovable; confort,criterio,operación,,Complementario,Complementario,,Fuente: https://proyectoceela.com/ (Conceptos clave - 15 principios EECA),,si,todos,Instalaciones,voluntario,,,Res.0534:A-E-4; A-A-6
Ley.2462,https://www.funcionpublica.gov.co/eva/gestornormativo/norma.php?i=260656,L-E01,Enfoque territorial,Políticas diferenciadas según territorio y región,enfoque,todas,Transversal,Transversal,Transversal,Transversal,,L-E01,si,todos,,obligatorio,,,
Ley.2462,https://www.funcionpublica.gov.co/eva/gestornormativo/norma.php?i=260656,L-E02,Enfoque equidad para la mujer,Diseño de espacios considerando uso diferencial por género,enfoque,todas,Transversal,Transversal,Transversal,Transversal,ENUT 2024-25: brecha rural 5h50min (mujeres 8h53min vs hombres 3h03min); diseño debe reconocer uso diferencial del espacio por género,L-E02,si,todos,Envolvente,obligatorio,,,
Ley.2462,https://www.funcionpublica.gov.co/eva/gestornormativo/norma.php?i=260656,L-E03,Enfoque derechos humanos mujeres rurales,Vivienda digna como derecho fundamental,enfoque,todas,Transversal,Transversal,Transversal,Transversal,Vivienda digna es derecho,L-E03,si,todos,,obligatorio,,,
Ley.2462,https://www.funcionpublica.gov.co/eva/gestornormativo/norma.php?i=260656,L-E04,Enfoque interseccional y diferencial,Cruzar género × etnia × discapacidad × edad × conflicto,enfoque,todas,Transversal,Transversal,Transversal,Transversal,ENUT 2024-25: Amazonía mujeres 9h47min/día (brecha 6h47min); Orinoquía 9h07min; análisis interseccional región × género × etnia es crítico | Cruzar múltiples vulnerabilidades,L-E04,si,todos,,obligatorio,,,
Ley.2462,https://www.funcionpublica.gov.co/eva/gestornormativo/norma.php?i=260656,L-E05,Enfoque campesinado,Vivienda como unidad productiva (no solo habitacional),enfoque,todas,Principal,,,Complementario,ENUT 2024-25: Amazonía 85.8% mujeres cocinan; 57.3% lavan ropa; vivienda rural es unidad productiva donde se realizan 8h53min/día de trabajo no remunerado,L-E05,si,todos,Envolvente,obligatorio,,,
Ley.2462,https://www.funcionpublica.gov.co/eva/gestornormativo/norma.php?i=260656,L-E06,Enfoque curso de vida,Diseño multigeneracional (niñas; adultas; adultas mayores),enfoque,todas,Transversal,Transversal,Transversal,Transversal,Necesidades por edad | Adultas mayores en rural,L-E06,si,todos,Envolvente,obligatorio,,,
Ley.2462,https://www.funcionpublica.gov.co/eva/gestornormativo/norma.php?i=260656,L-E07,Enfoque discapacidad,Accesibilidad universal en vivienda rural,enfoque,todas,Transversal,Transversal,Transversal,Transversal,NTC 6047; Ley 361/1997; Ley 1618/2013,L-E07,si,todos,Envolvente,obligatorio,,,Res.0534:S-AC-1; S-AC-2
Ley.2462,https://www.funcionpublica.gov.co/eva/gestornormativo/norma.php?i=260656,L-E08,Enfoque contra discriminación étnico-racial,Respetar saberes constructivos de pueblos indígenas; afro; raizales; ROM,enfoque,todas,,,,Principal,Saberes constructivos ancestrales,L-E08,si,todos,Estructura Envolvente Cubierta,obligatorio,,,
Ley.2462,https://www.funcionpublica.gov.co/eva/gestornormativo/norma.php?i=260656,L-E09,Enfoque ambiental,Alineado con los 4 ejes de sostenibilidad del TdR,enfoque,todas,Transversal,Transversal,Transversal,Transversal,,L-E09,si,todos,,obligatorio,,,
Ley.2462,https://www.funcionpublica.gov.co/eva/gestornormativo/norma.php?i=260656,L-E10,Enfoque de cuidado,Diseño espacios para trabajo doméstico no remunerado (cocina; lavado; secado; cuidado personas),enfoque,todas,Principal,Complementario,Complementario,,ENUT 2024-25: suministro alimentos (78.7% mujeres; 2h03min) + mantenimiento vestuario (37.8%; 1h23min) + limpieza (70%; 1h23min) = actividades con mayor brecha género; espacios: cocina; zona lavado; patio secado,L-E10,si,todos,Envolvente,obligatorio,,,CEELA:C11
Ley.2462,https://www.funcionpublica.gov.co/eva/gestornormativo/norma.php?i=260656,L-E11,Enfoque cierre brechas y protección vulnerable,Priorizar soluciones accesibles en costo y disponibilidad,enfoque,todas,Transversal,Transversal,Transversal,Transversal,Población vulnerable priorizada,L-E11,si,todos,,obligatorio,,,
Ley.2462,https://www.funcionpublica.gov.co/eva/gestornormativo/norma.php?i=260656,L-E12,Enfoque diferencial étnico,Vivienda adaptada a prácticas culturales de cada pueblo,enfoque,todas,,,,Principal,Técnicas vernáculas como patrimonio cultural,L-E12,si,todos,Estructura Envolvente Cubierta,obligatorio,,,
Ley.2462,https://www.funcionpublica.gov.co/eva/gestornormativo/norma.php?i=260656,L-F01,Respeto saberes y conocimientos tradicionales,Sistemas constructivos vernáculos de mujeres deben documentarse y valorarse,fin,todas,,,,Principal,ENUT 2024-25: por primera vez incluye preguntas sobre transmisión de saberes ancestrales; saberes de mujeres en construcción y procesamiento deben documentarse | Conocimiento ancestral válido,L-F01,si,todos,Estructura Envolvente Cubierta,obligatorio,,,
Ley.2462,https://www.funcionpublica.gov.co/eva/gestornormativo/norma.php?i=260656,L-F02,Reconocer aportes mujer rural como agente transformadora,Visibilizar rol de la mujer en economía familiar y nacional,fin,todas,Transversal,Transversal,Transversal,Transversal,Visibilizar trabajo productivo femenino en vivienda,L-F02,si,todos,,obligatorio,,,
Ley.2462,https://www.funcionpublica.gov.co/eva/gestornormativo/norma.php?i=260656,L-F03,Reducir carga trabajo doméstico y cuidados no remunerados,Estufas eficientes (menos horas leña); captación pluvial (elimina acarreo); iluminación natural en zonas trabajo,fin,todas,,Principal,Principal,,ENUT 2024-25: 78.7% mujeres cocinan (2h03min/día promedio; más en rural con leña → PM2.5); 70% en limpieza (incluye acarreo agua); estufa eficiente + captación pluvial reducen carga directamente,L-F03,si,todos,Instalaciones,obligatorio,,,Res.0194:MW-08; Res.0534:A-EM-8; CEELA:C12
Ley.2462,https://www.funcionpublica.gov.co/eva/gestornormativo/norma.php?i=260656,L-F04,Promover desarrollo rural inclusivo; sostenible; resiliente,Marco general alineado con ODS,fin,todas,Transversal,Transversal,Transversal,Transversal,,L-F04,si,todos,,obligatorio,,,
Ley.2462,https://www.funcionpublica.gov.co/eva/gestornormativo/norma.php?i=260656,L-F05,Garantizar acceso a recursos productivos y financieros,Acceso a crédito y subsidio para vivienda rural de mujeres,fin,todas,Transversal,Transversal,Transversal,Transversal,Acceso a SFVR para mujeres,L-F05,si,todos,,obligatorio,,,
Ley.2462,https://www.funcionpublica.gov.co/eva/gestornormativo/norma.php?i=260656,L-F06,Promover autonomía económica mujeres rurales,Vivienda que permita actividades productivas,fin,todas,Principal,,,Complementario,Espacios productivos en vivienda,L-F06,si,todos,Envolvente,obligatorio,,,
Ley.2462,https://www.funcionpublica.gov.co/eva/gestornormativo/norma.php?i=260656,L-F07,Inclusión financiera y productiva mujeres rurales,Alianzas público-privadas para acceso a mercados,fin,todas,Transversal,Transversal,Transversal,Transversal,,L-F07,si,todos,,obligatorio,,,
Ley.2462,https://www.funcionpublica.gov.co/eva/gestornormativo/norma.php?i=260656,L-F08,Cuidado ecosistemas y transición energética,Paneles solares; materiales locales; biodigestores,fin,todas,,Principal,,Principal,Labor mujeres en cuidado ecosistemas,L-F08,si,todos,Instalaciones,obligatorio,,,Res.0534:A-EM-8; CEELA:C14
Ley.2462,https://www.funcionpublica.gov.co/eva/gestornormativo/norma.php?i=260656,L-F09,Trabajo digno y decente mujeres rurales,Vivienda rural es lugar de trabajo productivo,fin,todas,Transversal,Transversal,Transversal,Transversal,Diseño ergonómico de espacios de trabajo,L-F09,si,todos,Envolvente,obligatorio,,,
Ley.2462,https://www.funcionpublica.gov.co/eva/gestornormativo/norma.php?i=260656,L-F10,Acceso sistema salud y seguridad social,Bienestar de mujeres rurales,fin,todas,Transversal,Transversal,Transversal,Transversal,Salud ocupacional en espacio doméstico,L-F10,si,todos,,obligatorio,,,
Ley.2462,https://www.funcionpublica.gov.co/eva/gestornormativo/norma.php?i=260656,L-F11,Participación incidente mujeres en decisiones,Diálogo social en diseño y planificación de vivienda,fin,todas,Transversal,Transversal,Transversal,Transversal,Mujeres participan en decisiones de diseño | Participación comunitaria,L-F11,si,todos,,obligatorio,,,CEELA:C01
Ley.2462,https://www.funcionpublica.gov.co/eva/gestornormativo/norma.php?i=260656,L-F12,Fortalecimiento organizaciones mujeres rurales,Asociatividad para acceso a programas de vivienda,fin,todas,Transversal,Transversal,Transversal,Transversal,,L-F12,si,todos,,obligatorio,,,
Ley.2462,https://www.funcionpublica.gov.co/eva/gestornormativo/norma.php?i=260656,L-F13,Acceso a tierra y formalización,Titulación preferencial para mujeres jefas de hogar,fin,todas,Transversal,Transversal,Transversal,Transversal,Acceso a tierra donde construir vivienda,L-F13,si,todos,,obligatorio,,,
Ley.2462,https://www.funcionpublica.gov.co/eva/gestornormativo/norma.php?i=260656,L-F14,Protección mujeres víctimas violencia de género,Vivienda segura para mujeres en riesgo,fin,todas,Principal,,,,ENUT 2024-25: cuidado físico personas 16.4% mujeres (1h32min/día); vivienda segura requiere iluminación nocturna; baños internos; visibilidad,L-F14,si,todos,Envolvente Instalaciones,obligatorio,,,
Ley.2462,https://www.funcionpublica.gov.co/eva/gestornormativo/norma.php?i=260656,L-F15,Información estadística diferencial mujer rural,Datos DANE desagregados para diseño de políticas,fin,todas,Transversal,Transversal,Transversal,Transversal,,L-F15,si,todos,,obligatorio,,,
Ley.2462,https://www.funcionpublica.gov.co/eva/gestornormativo/norma.php?i=260656,L-F16,Educación rural con preservación prácticas culturales,Formación técnica que respete saberes ancestrales,fin,todas,,,,Principal,Preservación oficios constructivos de mujeres | Conocimiento ancestral en capacitación,L-F16,si,todos,,obligatorio,,,
SUDS-MVCT,https://www.minvivienda.gov.co/sites/default/files/documentos/4040_1_2.9_2022_2_04_-guia-suds_v.0.pdf,SUDS-1,Captación agua lluvia escala vivienda,Aprovechar agua lluvia captada en cubiertas para usos no potables: riego; aseo; descarga sanitarios,criterio_ambiental,diseño,,,Principal,,Reduce acarreo agua mujeres/ninas en rural | RURAL: Captación pluvial a escala vivienda rural: canales + tanque + filtro basico. Dimensionar según precipitacion por clima (>8000 mm/ano Pacifico vs. <300 mm Guajira). Impacto género: elimina acarreo agua,,si,todos,Cubierta Instalaciones,obligatorio,minimo,m3/ano captado,Res.0194:MW-08; Res.0534:A-A-3; CEELA:C12
SUDS-MVCT,https://www.minvivienda.gov.co/sites/default/files/documentos/4040_1_2.9_2022_2_04_-guia-suds_v.0.pdf,SUDS-2,Jardin de lluvia / jardin microcuenca,Depresion vegetada que recibe escorrentia; permite infiltracion y remocion contaminantes,criterio_ambiental,diseño,,,Principal,,,,si,calido_humedo templado,Exterior,obligatorio,minimo,m2 jardin / m2 impermeabilizado,Res.0534:A-SE-1
SUDS-MVCT,https://www.minvivienda.gov.co/sites/default/files/documentos/4040_1_2.9_2022_2_04_-guia-suds_v.0.pdf,SUDS-3,Pozo de infiltracion,Estructura subterranea para infiltrar agua lluvia al suelo; reduce escorrentia,criterio_ambiental,diseño,,,Principal,,,,si,todos,Exterior,obligatorio,minimo,m3 infiltrado,Res.0534:A-SE-1
SUDS-MVCT,https://www.minvivienda.gov.co/sites/default/files/documentos/4040_1_2.9_2022_2_04_-guia-suds_v.0.pdf,SUDS-4,Cisterna / aljibe de almacenamiento pluvial,Tanque sobre suelo o enterrado para almacenar agua lluvia; uso diferido,criterio_ambiental,diseño,,,Principal,,Reduce acarreo agua; disponible para mujer rural | RURAL: Cisterna/aljibe: solución ancestral colombiana (Caribe; Santanderes). Almacenamiento subterraneo mantiene agua fresca. Complementa captación pluvial en estacion seca,L-F03,si,calido_seco todos,Instalaciones,obligatorio,minimo,m3 almacenamiento,Res.0194:MW-08; Ley.2462:L-F03
SUDS-MVCT,https://www.minvivienda.gov.co/sites/default/files/documentos/4040_1_2.9_2022_2_04_-guia-suds_v.0.pdf,SUDS-5,Techos verdes como SUDS,Cubierta verde que retiene agua lluvia; reduce escorrentia y efecto isla de calor,criterio_ambiental,diseño,Principal,,Principal,,,,condicional,todos,Cubierta,obligatorio,deseable,% retencion; Valor U,Res.0194:MP-12; Res.0534:A-SE-1
SUDS-MVCT,https://www.minvivienda.gov.co/sites/default/files/documentos/4040_1_2.9_2022_2_04_-guia-suds_v.0.pdf,SUDS-6,Pavimentos permeables,Superficies que permiten infiltracion directa al suelo,criterio_ambiental,diseño,,,Principal,,,,condicional,todos,Exterior,obligatorio,deseable,% permeabilidad,Res.0534:A-SE-1
EC-MADS,https://www.minambiente.gov.co/asuntos-ambientales-sectorial-y-urbana/estrategia-nacional-de-economia-circular/,EC-1,Eco-diseño en productos y estructuras de construcción,Disenar usando menos materiales; modularidad; desensamblaje. CONPES 3934: 91.5M ton materiales construcción/ano; 7.4M ton escombros (7%); necesidad de eco-diseño para reducir consumo,criterio_ambiental,diseño,,,,Principal,Eco-diseño rural: la vivienda progresiva con entramado liviano (guadua/madera) permite ampliaciones sin demoler. Menor generación de RCD vs. mamposteria convencional,,si,todos,Estructura Envolvente,voluntario,,% reduccion material,Res.0534:A-R-2; A-M-1
EC-MADS,https://www.minambiente.gov.co/asuntos-ambientales-sectorial-y-urbana/estrategia-nacional-de-economia-circular/,EC-2,Aprovechamiento de RCD en obra nueva,Incorporar material reciclado de demoliciones en nueva construcción (agregados; concreto reciclado). CONPES 3934: tasa reciclaje materiales construcción CO es solo 2% (meta potencial 50%); 2.28 kg materiales/USD PIB (2.8x mayor que OCDE),criterio_ambiental,construcción,,,,Principal,Aprovechamiento RCD en rural: escombros de demolicion pueden usarse como relleno; agregados reciclados para sobrecimiento. CONPES 3934: solo 2% de RCD se recicla en CO,,si,todos,Cimentación Estructura,voluntario,,% RCD aprovechado; Meta: aumentar tasa reciclaje construcción de 2% a 50%,Res.0534:A-R-1; A-R-4
EC-MADS,https://www.minambiente.gov.co/asuntos-ambientales-sectorial-y-urbana/estrategia-nacional-de-economia-circular/,EC-3,Simbiosis industrial en materiales de construcción,Uso de subproductos de otros sectores como insumo constructivo (escoria; cenizas; plastico PET),criterio_ambiental,extracción/manufactura,,,,Principal,,,si,todos,Estructura Envolvente,voluntario,,% material alternativo,Res.0534:A-R-1
EC-MADS,https://www.minambiente.gov.co/asuntos-ambientales-sectorial-y-urbana/estrategia-nacional-de-economia-circular/,EC-4,Certificaciones de construcción sostenible,LEED; BREEAM; EDGE; CASA Colombia; Sello Ambiental Colombiano como verificadores,criterio_ambiental,operación,Transversal,Transversal,Transversal,Transversal,,,condicional,todos,todos,voluntario,,Tipo certificación,Res.0534:A-M-1
D1285,https://www.funcionpublica.gov.co/eva/gestornormativo/norma_pdf.php?i=62885,D1285-1,Porcentajes obligatorios de ahorro agua y energía,Lineamiento base que dio origen a Res. 0549/2015 y luego a Res. 0194/2025. PROURE 2017-2022: meta ahorro sector residencial 56.121 TJ (0.73% del total nacional),criterio_ambiental,operación,,Principal,Principal,,,,si,todos,Instalaciones,obligatorio,minimo,% ahorro por clima y tipología; PROURE: 56.121 TJ ahorro residencial,Res.0194:Tablas 10-11
D1467,https://www.funcionpublica.gov.co/eva/gestornormativo/norma_pdf.php?i=99353,D1467-1,VIS debe cumplir estándares de construcción sostenible,Ley 1955/2019 Art. 85: VIS cumple estándares de calidad en diseño y construcción sostenible. PND 2018-2022 Ley 1955/2019 Art. 85: VIS debe cumplir estándares de calidad en diseño urbanistico; arquitectonico y de construcción sostenible,criterio_ambiental,todas,Transversal,Transversal,Transversal,Transversal,,,si,todos,todos,obligatorio,,,Res.0194; Res.0534; Ley 1955/2019 Art.85
D1727,https://www.funcionpublica.gov.co/eva/gestornormativo/norma_pdf.php?i=174446,D1727-1,Subsidio adicional por sostenibilidad (Ecobertura),Cobertura adicional 10 SMLV en tasa de interes para vivienda No VIS con criterios de sostenibilidad,criterio_economico,operación,Transversal,Transversal,Transversal,Transversal,,,condicional,todos,,voluntario,,SMLV adicionales,Res.0534:E-CI-1
L1715,https://www.funcionpublica.gov.co/eva/gestornormativo/norma_pdf.php?i=57353,L1715-1,Incentivos tributarios para FNCE en vivienda,Exclusion IVA y deduccion renta por inversion en energía solar FV; solar térmica; eolica; biomasa. Res. 196/2020 UPME: establece requisitos y procedimiento para acceder a beneficios tributarios de eficiencia energetica (IVA y renta). Requiere certificación UPME,criterio_economico,operación,,Principal,,,,,si,todos,Instalaciones,obligatorio,,% deduccion renta; exclusion IVA,Res.0534:A-EM-8; CEELA:C14; Res.196/2020 UPME procedimiento
L373,https://www.funcionpublica.gov.co/eva/gestornormativo/norma_pdf.php?i=342,L373-1,Programa uso eficiente y ahorro del agua,Obliga a entidades a implementar programas de ahorro de agua; incluye captación pluvial y reuso,criterio_ambiental,operación,,,Principal,,Reduce acarreo agua en rural,,si,todos,Instalaciones,obligatorio,,,Res.0194:MW-01 a MW-10; CEELA:C12
L1931,https://www.funcionpublica.gov.co/eva/gestornormativo/norma_pdf.php?i=87765,L1931-1,Medidas de mitigacion y adaptacion en vivienda,Directrices para gestión cambio climático en sector vivienda; PIGCCS y PIGCCT. NDC 2020: reduccion 176 Mt CO2eq a 2030 todos los sectores incluyendo vivienda,criterio_ambiental,todas,Transversal,Transversal,Transversal,Transversal,,,si,todos,,obligatorio,,Meta reduccion GEI,Res.0534:A-EM-5; A-EM-8; NDC 2020
R0472,https://www.minambiente.gov.co/wp-content/uploads/2021/10/resolucion-0472-de-2017.pdf,R0472-1,Gestión integral de Residuos de Construcción y Demolicion,Aplica a todas las personas que generen; recolecten; transporten; aprovechen y dispongan RCD,criterio_ambiental,construcción,,,,Principal,,,si,todos,,obligatorio,minimo,% aprovechamiento RCD,Res.0534:A-R-4; A-R-6; Ley 1333/2009 (procedimiento sancionatorio ambiental para incumplimiento)
RAS,https://minvivienda.gov.co/sites/default/files/normativa/resolucion-0330-2017.pdf,RAS-1,Sistemas de acueducto rural,Requisitos tecnicos para diseño; construcción y operacion de sistemas de agua potable rural,criterio_ambiental,diseño,,,Principal,,Acceso agua potable reduce acarreo mujeres,,si,todos,Instalaciones,obligatorio,minimo,l/hab/dia; presion mínima,Res.0534:A-A-3; CEELA:C12
RAS,https://minvivienda.gov.co/sites/default/files/normativa/resolucion-0330-2017.pdf,RAS-2,Sistemas de alcantarillado y saneamiento rural,Requisitos tecnicos para tratamiento de aguas residuales en zona rural,criterio_ambiental,diseño,,,Principal,,,,si,todos,Instalaciones,obligatorio,minimo,DBO5; SST; remocion %,Res.0194:MW-06; MW-07
RAS,https://minvivienda.gov.co/sites/default/files/normativa/resolucion-0330-2017.pdf,RAS-3,Sistemas de manejo de aguas lluvias,Requisitos tecnicos para drenaje pluvial; incluye SUDS,criterio_ambiental,diseño,,,Principal,,,,si,todos,Exterior,obligatorio,minimo,Caudal diseño; periodo retorno,SUDS-MVCT:SUDS-1 a SUDS-6; Res.0534:A-SE-1
R0541,https://www.alcaldiabogota.gov.co/sisjur/normas/Norma1.jsp?i=45540,R0541-1,Manejo de escombros y materiales de construcción,Regula cargue; descargue; transporte; almacenamiento y disposición de escombros y materiales,criterio_ambiental,construcción,,,,Complementario,,,si,todos,,obligatorio,minimo,,Res.0534:A-R-4
D948,https://www.alcaldiabogota.gov.co/sisjur/normas/Norma1.jsp?i=1479,D948-1,Control contaminacion atmosferica en obra,Mallas protectoras en construcción; control material particulado; prevencion emisiones,criterio_ambiental,construcción,,,,Complementario,,,si,todos,,obligatorio,minimo,,Res.0534:A-EM-7; Ley 1333/2009 (sanciones por contaminacion atmosferica)
D1443,https://www.funcionpublica.gov.co/eva/gestornormativo/norma_pdf.php?i=58841,D1443-1,Sistema de Gestión de Seguridad y Salud en el Trabajo,Buenas prácticas; materiales de calidad; prevencion accidentes y enfermedades en construcción,criterio_social,construcción,Transversal,Transversal,Transversal,Transversal,Seguridad trabajadores rurales,,si,todos,,obligatorio,minimo,,Res.0534:S-H-2
L1819,https://www.funcionpublica.gov.co/eva/gestornormativo/norma_pdf.php?i=79140,L1819-1,Beneficios tributarios FNCE y carbono neutro,Exclusion IVA en equipos y tecnologias con beneficio ambiental; no causacion impuesto carbono,criterio_economico,operación,,Principal,,,,,si,todos,Instalaciones,obligatorio,,% exclusion IVA,Res.0534:A-EM-8; CEELA:C14; L1715:L1715-1; Res.196/2020 UPME procedimiento acceso
GuiaMej-MVCT,https://www.minvivienda.gov.co/guia-de-estrategias-de-sostenibilidad-y-resiliencia-para-los-mejoramientos-de-vivienda-en-colombia,GM-E2,Estufas eficientes para vivienda rural,Reemplazo de fogon abierto por estufa eficiente; reduccion PM2.5 y consumo de lena,criterio_ambiental,operación,,Principal,,,ENUT 2024-25: 78.7% mujeres cocinan; estufa eficiente reduce tiempo y humo (Ley 2462 Fin 3),L-F03,si,frio templado,Instalaciones,obligatorio,minimo,% reduccion PM2.5; kg lena/dia,Res.0534:A-EM-6; CEELA:C07; Ley.2462:L-F03
GuiaMej-MVCT,https://www.minvivienda.gov.co/guia-de-estrategias-de-sostenibilidad-y-resiliencia-para-los-mejoramientos-de-vivienda-en-colombia,GM-T3,Generación de biogas domiciliario,Sistema de biodigestor para generación de biogas a partir de residuos organicos y excretas animales,criterio_ambiental,operación,,Principal,,,,,si,todos,Instalaciones,voluntario,,m3 biogas/dia,CEELA:C07; C14
GuiaMej-MVCT,https://www.minvivienda.gov.co/guia-de-estrategias-de-sostenibilidad-y-resiliencia-para-los-mejoramientos-de-vivienda-en-colombia,GM-T4,Energía eolica a pequena escala,Microturbina eolica para vivienda rural en zonas con vientos sostenidos (Guajira; páramo; altiplano),criterio_ambiental,operación,,Principal,,,,,condicional,calido_seco frio,Instalaciones,voluntario,,kWh/mes,CEELA:C14; Res.0534:A-EM-8
GuiaMej-MVCT,https://www.minvivienda.gov.co/guia-de-estrategias-de-sostenibilidad-y-resiliencia-para-los-mejoramientos-de-vivienda-en-colombia,GM-M2,Durabilidad y garantias de materiales,Especificar materiales con garantia de durabilidad documentada; reducir reposiciones prematuras,criterio_ambiental,diseño,,,,Principal,,,si,todos,Estructura Envolvente Cubierta,obligatorio,minimo,Anos de garantia; vida util estimada,Res.0534:A-M-1
GuiaMej-MVCT,https://www.minvivienda.gov.co/guia-de-estrategias-de-sostenibilidad-y-resiliencia-para-los-mejoramientos-de-vivienda-en-colombia,GM-S1,Mano de obra local en construcción rural,Priorizar contratacion de mano de obra del territorio para transferencia de conocimiento y economia local,criterio_social,construcción,,,,,Economia local; empleo rural; saberes vernaculos,L-E01; L-E05; L-F01,si,todos,,obligatorio,minimo,% mano obra local,Ley.2462:L-E01; L-E05; L-F01
GuiaMej-MVCT,https://www.minvivienda.gov.co/guia-de-estrategias-de-sostenibilidad-y-resiliencia-para-los-mejoramientos-de-vivienda-en-colombia,GM-S2,Compromiso social del constructor,Constructor debe garantizar acompanamiento social; capacitacion a beneficiarios en uso y mantenimiento,criterio_social,construcción,,,,,Capacitacion diferencial por género | Participacion comunitaria,L-F11,si,todos,,obligatorio,minimo,,CEELA:C01; C11; Ley.2462:L-F11
GuiaMej-MVCT,https://www.minvivienda.gov.co/guia-de-estrategias-de-sostenibilidad-y-resiliencia-para-los-mejoramientos-de-vivienda-en-colombia,GM-S3,Gestión comunitaria resiliente,Conformar y capacitar comite comunitario para mantenimiento y gestión de la vivienda y sus sistemas,criterio_social,operación,,,,,Liderazgo de mujeres en gestión comunitaria | Participacion comunitaria; autonom.a,L-F11; L-F12,si,todos,,obligatorio,minimo,,CEELA:C11; Ley.2462:L-F11; L-F12
GuiaMej-MVCT,https://www.minvivienda.gov.co/guia-de-estrategias-de-sostenibilidad-y-resiliencia-para-los-mejoramientos-de-vivienda-en-colombia,GM-A1,Proveeduria local de materiales,Priorizar materiales de origen regional (<300 km) para reducir huella de carbono del transporte,criterio_ambiental,diseño,,,,Principal,Economia local,,si,todos,Estructura Envolvente Cubierta,obligatorio,deseable,km origen; % materiales locales,Res.0534:A-E-1; A-M-1; CEELA:C03
PNVISR,https://portalparalapaz.gov.co/wp-content/uploads/2022/07/Resolucion-No-000179-de-2017_Vivienda.pdf,PNVISR-1,Enfoque diferencial en vivienda rural,Reconocimiento diferencial de condiciones sociales; culturales; etnicas y territoriales en diseño de VISR,criterio_social,diseño,Transversal,Transversal,Transversal,Transversal,Enfoque diferencial de género obligatorio | Etnico; discapacidad; victimas conflicto; adulto mayor,L-E04; L-E08; L-E12,si,todos,,obligatorio,,,Ley.2462:L-E04; L-E08; L-E12
PNVISR,https://portalparalapaz.gov.co/wp-content/uploads/2022/07/Resolucion-No-000179-de-2017_Vivienda.pdf,PNVISR-2,Vivienda rural integral; saludable y productiva,Vivienda como unidad que integra habitabilidad; salud; produccion agropecuaria y sostenibilidad,criterio_social,diseño,Principal,,,,Vivienda como espacio de trabajo productivo femenino,L-E05; L-E10; L-F06; L-F09,si,todos,Envolvente,obligatorio,,,Ley.2462:L-E05; L-E10; L-F06; L-F09
PNVISR,https://portalparalapaz.gov.co/wp-content/uploads/2022/07/Resolucion-No-000179-de-2017_Vivienda.pdf,PNVISR-3,Acceso a agua potable y saneamiento basico rural,Garantizar acceso a agua y saneamiento en vivienda rural donde no existe infraestructura,criterio_ambiental,diseño,,,Principal,,Acceso agua reduce acarreo por mujeres,L-F03,si,todos,Instalaciones,obligatorio,minimo,l/hab/dia,RAS:RAS-1; RAS-2; Res.0194:MW-08; Ley.2462:L-F03
PNVISR,https://portalparalapaz.gov.co/wp-content/uploads/2022/07/Resolucion-No-000179-de-2017_Vivienda.pdf,PNVISR-4,Subsidio vivienda rural (hasta 70 SMLV + 20 transporte),Res. 0536/2020: tope subsidio 70 SMLV; 20 SMLV adicionales para transporte en zonas dificil acceso,criterio_economico,diseño,Transversal,Transversal,Transversal,Transversal,Priorizacion zonas dificil acceso,,si,todos,,obligatorio,,SMLV,D1467:D1467-1
ParamSFVR,https://www.minvivienda.gov.co/sites/default/files/2021-08/anexo-c-documento-de-parametrizacion.pdf,PARAM-1,Analisis de asoleacion y orientación para vivienda rural,Diagrama estereografico con latitud/longitud; radiacion solar directa/difusa; definición de orientación optima por clima,criterio_ambiental,diseño,Principal,,,,Orientación vivienda rural según clima: en frio maximizar fachada norte (ganancia solar); en cálido minimizar fachada oeste (evitar sobrecalentamiento vespertino). Diagrama estereografico por latitud/longitud del sitio,,si,todos,Estructura Envolvente,obligatorio,minimo,Orientación optima por clima,Res.0194:MP-01 a MP-04; Res.0534:S-CT-1
ParamSFVR,https://www.minvivienda.gov.co/sites/default/files/2021-08/anexo-c-documento-de-parametrizacion.pdf,PARAM-2,Protección solar en fachadas y cubiertas rurales,Elementos horizontales y verticales de fachada/cubierta para bloqueo de radiacion; definidos por clima,criterio_ambiental,diseño,Principal,,,,Protección solar en rural: aleros (horizontal); celosias guadua/madera (vertical); corredores perimetrales (combinada). Soluciones vernaculas de bajo costo,,si,templado calido_seco calido_humedo,Envolvente Cubierta,obligatorio,minimo,ASV; ASH,Res.0194:MP-02 a MP-04; Res.0534:S-CT-1; CEELA:C02
ParamSFVR,https://www.minvivienda.gov.co/sites/default/files/2021-08/anexo-c-documento-de-parametrizacion.pdf,PARAM-3,Iluminación natural en vivienda rural,Proporciones de ventanas; claraboyas y repisas de luz para garantizar penetracion de luz natural y ahorro energetico,criterio_ambiental,diseño,Principal,Complementario,,,Iluminación natural rural: ventanas altas producen mas lux que bajas de misma área. Claraboyas en cocina mejoran condiciones de trabajo domestico (ENUT: 2h03min/dia suministro alimentos). RETILAP 2024 obligatorio,,si,todos,Envolvente,obligatorio,minimo,FLD (%); proporcion ventana,Res.0194:MA-01; Res.0534:S-CL-1
ParamSFVR,https://www.minvivienda.gov.co/sites/default/files/2021-08/anexo-c-documento-de-parametrizacion.pdf,PARAM-4,Ventilación natural cruzada en vivienda rural,Aprovechamiento de vientos dominantes; aberturas enfrentadas; efecto chimenea por clima,criterio_ambiental,diseño,Principal,,,,Ventilación cruzada rural: aberturas enfrentadas orientadas a vientos dominantes. En Pacifico: ventilación inferior (palafito); en Caribe: ventilación alta (efecto chimenea). Critico para evacuacion humo cocina a lena,,si,templado calido_seco calido_humedo,Envolvente Cubierta,obligatorio,minimo,ACH; velocidad aire,Res.0194:MP-14; Res.0534:S-A-1; CEELA:C06
CCCS-2024,https://www.cccs.org.co/mitigacion/estado-de-la-construccion-sostenible/,CCCS-1,Estado actual certificaciones sostenibles en CO,EDGE; CASA Colombia; LEED son las 3 certificaciones mas usadas en CO (2024). 93% constructores incorporan criterios ASG,criterio_economico,operación,Transversal,Transversal,Transversal,Transversal,,,si,todos,,voluntario,,% empresas con ASG,Res.0534:A-M-1; EC-MADS:EC-4
ST333,https://www.corteconstitucional.gov.co/relatoria/2022/t-333-22.htm,ST333-1,Derecho a vivienda digna como derecho fundamental (jurisprudencia),Corte Constitucional: vivienda digna incluye habitabilidad; disponibilidad de servicios; accesibilidad; adecuacion cultural,criterio_social,todas,Transversal,Transversal,Transversal,Transversal,Vivienda digna incluye perspectiva de género | Accesibilidad; adecuacion cultural y etnica,L-E03,si,todos,todos,obligatorio,,,Ley.2462:L-E03; Res.0534:S-AC-1
RETILAP,https://www.minenergia.gov.co/documents/11687/03_Libro_3_RETILAP_2024_Rev_Final_WEB.pdf,RET-1,Eficacia luminosa mínima LED,RETILAP 2024 Libro 2: productos LED deben cumplir eficacia luminosa mínima; vida util y CRI según categoría. Libro 3 Tabla 3.2.2.6.a (adaptada de EN 12464-1): corredores 100 lux Uo=0.40 Ra>=40 UGR<=28. Aplica a vivienda: edificaciones deben atender lineamientos URE de MADS y MinMinas,criterio_ambiental,operación,,Principal,,,,,si,todos,Instalaciones,obligatorio,minimo,Eficacia lm/W; vida util horas; Ra(CRI) >=40-80 según espacio; UGR <=22-28 según tarea; Uo >=0.40,Res.0194:MA-02; Res.0534:S-CL-2; CEELA:C10
RETILAP,https://www.minenergia.gov.co/documents/11687/03_Libro_3_RETILAP_2024_Rev_Final_WEB.pdf,RET-2,Diseño de iluminación interior vivienda,RETILAP 2024 Libro 3 Tabla 3.2.2.6.a: niveles mínimos iluminancia por espacio (EN 12464-1). Corredores/circulaciones 100 lux; escaleras 100 lux; banos 100 lux; zonas comunes edificios residenciales incluidas. Uniformidad Uo>=0.40. CRI según actividad. Vivienda: debe cumplir URE (Art. 3.2.6),criterio_ambiental,diseño,Principal,Principal,,,Iluminación adecuada en zonas de trabajo domestico (cocina; lavado),L-E10,si,todos,Envolvente Instalaciones,obligatorio,minimo,Corredores: 100 lux Uo=0.40 Ra>=40 UGR<=28; escaleras: 100 lux; banos: 100 lux; zonas generales: 100 lux. Eficiencia energetica mediante control obligatorio en >500m2,Res.0194:MA-01; Res.0534:S-CL-1; CEELA:C10; Ley.2462:L-E10
RETILAP,https://www.minenergia.gov.co/documents/11687/03_Libro_3_RETILAP_2024_Rev_Final_WEB.pdf,RET-3,Aprovechamiento de iluminación natural,RETILAP 2024 Libro 3 Art. 3.2.6: edificaciones de vivienda deben atender lineamientos URE de MADS y MinMinas. Aprovechamiento luz natural: ventanales y claraboyas desde diseño; evitar sol directo en plano trabajo; coordinacion natural/artificial; optimizar orientación; aleros/parasoles. Factor Luz Dia = CC+CRE+CRI. Sistemas control: atenuacion; encendido/apagado automático; sensores presencia; dimerizacion; ciclo circadiano,criterio_ambiental,diseño,Principal,Complementario,,,Iluminación natural en espacios de trabajo no remunerado,,si,todos,Envolvente,obligatorio,minimo,FLD = CC+CRE+CRI; orientación optima por clima; 7 formas control iluminación (atenuacion; on/off auto; dimerizacion; sensores; luz diurna; circadiano; otros URE),Res.0194:MA-01; Res.0534:S-CL-1; ParamSFVR:PARAM-3; CEELA:C10
UPME-PGEE,https://docs.upme.gov.co/DemandayEficiencia/Documents/Guia_liviana_PGEE.pdf,UPME-1,Diagnóstico/auditoría energetica inicial,"Levantamiento de información que caracteriza la entidad/edificacion: envolvente; energeticos utilizados; consumos por uso final; identifica potenciales de ahorro. Cita: ""El diagnóstico o auditoría energetica constituye la herramienta basica para saber cuanta energía se consume mensualmente; con que eficiencia; cuales son los principales equipos consumidores; como se usan; y donde estan localizados"" (Cartilla 2020 p.4)",criterio_metodologico,pre-diseño,Complementario,Principal,,,Para vivienda rural nueva el diagnóstico se simplifica a inventario inicial de cargas previstas (iluminación; refrigeracion; bombas; coccion) y estimación de consumo según ocupacion. Para mejoramiento; auditoría sencilla del consumo base,,condicional,todos,Instalaciones,obligatorio,minimo,kWh/mes linea base; identificacion equipos >80% consumo,Res.0194 Anexo1 sec.1.4; CEELA:C15; Ley 1715 art.30
UPME-PGEE,https://docs.upme.gov.co/DemandayEficiencia/Documents/Guia_liviana_PGEE.pdf,UPME-2,Linea base energetica con ajuste por variable externa,"Construcción de modelo matematico que entrega consumo esperado en función de variable de actividad (temperatura exterior; ocupacion; horas de funcionamiento). Permite calcular ahorros como diferencia entre consumo real y consumo de linea base. Cita: ""Ahorro = Consumo de linea base - Consumo real"" (Guia 2018 p.43); R2 >= 0.75 recomendado",criterio_metodologico,operación,,Principal,,,En vivienda rural; ocupacion y temperatura son variables clave. La linea base permite verificar ahorros reales tras intervencion (cambio a LED; aislamiento; calentador solar). Requiere datos de >12 meses; idealmente 3 anos,,condicional,todos,Instalaciones,recomendado,deseable,R2 >= 0.75; ecuacion kWh = a*variable + b,CEELA:C15
UPME-PGEE,https://docs.upme.gov.co/DemandayEficiencia/Documents/Guia_liviana_PGEE.pdf,UPME-3,Indicadores de Desempeño Energetico (IDE),Metrica que normaliza el consumo respecto a una variable fisica para hacer seguimiento; comparable entre periodos y entre viviendas similares. Ejemplos UPME: kWh/(m2*dia laborable); kWh/CDD; kWh/persona/mes (Guia 2018 Tabla 14 p.54),criterio,operación,,Principal,,,Para vivienda rural los IDE utiles son kWh/persona/mes; kWh/m2/ano; % cobertura solar FV. Permite benchmarking entre viviendas de un mismo programa habitacional,,si,todos,Instalaciones,recomendado,deseable,kWh/m2/ano; kWh/persona/mes,CEELA:C15; Res.0534:A-E-4
UPME-PGEE,https://docs.upme.gov.co/DemandayEficiencia/Documents/Guia_liviana_PGEE.pdf,UPME-4,Inventario de equipos consumidores de energía,Registro sistematico de todos los equipos que consumen energía con: fabricante; potencia (kW); tiempo de funcionamiento (h); factor de carga; ubicación. Permite estimar consumo desagregado mediante: Energía = Potencia * Tiempo * Factor de carga (Guia 2018 p.47),criterio_metodologico,pre-diseño,,Principal,,,Aplicable a vivienda rural en version simplificada: planilla con bombillas; nevera; bomba; TV; estufa eléctrica/lena. Util para dimensionar sistema FV en ZNI,,si,todos,Instalaciones,recomendado,minimo,kWh estimados por equipo y consumo total mensual,Res.0194:MA-02; CEELA:C10
UPME-PGEE,https://docs.upme.gov.co/DemandayEficiencia/Documents/Guia_liviana_PGEE.pdf,UPME-5,Analisis de costos del ciclo de vida (LCC) y costo-beneficio para priorizar medidas,Evaluación economica que compara costos de capital (adquisicion; reemplazo; valor residual) y costos operativos (energía; mantenimiento) frente al ahorro generado durante toda la vida util. Incluye calculo de VPN; TIR y periodo de retorno simple (PRS). Toda medida con PRS > vida util del equipo se desestima (Cartilla 2020 p.15-17; Guia 2018 p.52),criterio_metodologico,pre-diseño,,Principal,,Principal,El LCC justifica inversion en LED; calentador solar; aislamiento térmico vs. alternativas convencionales; y permite priorizar medidas con recursos limitados tipicos de programas de VIS rural,,si,todos,Instalaciones,recomendado,deseable,PRS (anos); VPN ($); TIR (%); LCC ($),Res.0534:E-CC-1; CEELA:C03
UPME-PGEE,https://docs.upme.gov.co/DemandayEficiencia/Documents/Guia_liviana_PGEE.pdf,UPME-6,Buenas prácticas operativas de uso de energía,Acciones de cambio de habitos sin inversion o con inversion mínima: apagado de luces en estancias vacias; mantenimiento periodico de equipos; ajuste de temperatura de consigna (25C enfriamiento; 21C calefacción; cada +1C en calefacción aumenta 7% el consumo); apagado total vs. stand-by; aprovechamiento de luz natural (Cartilla 2020 p.13; Guia 2018 Anexo 1 p.68-69),criterio,operación,Complementario,Principal,,,Las buenas prácticas son la primera linea de eficiencia en vivienda rural por cero costo. Conectan con cultura energetica familiar; capacitacion de la usuaria/o final; uso responsable de FV en ZNI donde la bateria es escasa,L-E10 enfoque cuidado (mujer rural gestiona uso domestico de energia),si,todos,Instalaciones,recomendado,minimo,% reduccion consumo vs. linea base sin inversion,Res.0194 Anexo1 sec.2; CEELA:C10
UPME-PGEE,https://docs.upme.gov.co/DemandayEficiencia/Documents/Guia_liviana_PGEE.pdf,UPME-7,Compras eficientes con criterios de etiquetado RETIQ,Incorporacion de la clase energetica del etiquetado RETIQ como criterio de adquisicion de equipos (refrigeracion domestica; aire acondicionado; lavadoras; calentadores electricos y a gas; gasodomesticos de coccion; bombillas). RETIQ es de cumplimiento obligatorio desde 31-ago-2016 (Guia 2018 G3.2.7 p.20-21; P3.2 p.64-65),criterio,pre-diseño,,Principal,,Complementario,Para programas de dotación de electrodomesticos en VIS rural (nevera; estufa de induccion; calentador) la clase A del RETIQ debe ser criterio mínimo. Evita transferir equipos ineficientes a hogares de bajo ingreso,L-E10 (uso domestico de energia recae en mujer rural),si,todos,Instalaciones,obligatorio,minimo,Clase RETIQ (A; B; C); kWh/ano etiqueta,Res.0194:MA-02; CEELA:C10; PROURE Res.41286/2016
UPME-PGEE,https://docs.upme.gov.co/DemandayEficiencia/Documents/Guia_liviana_PGEE.pdf,UPME-8,Sistema de Gestión de la Energía con ciclo PHVA,Aplicación del modelo NTC-ISO 50001 (Planificar-Hacer-Verificar-Actuar): política energetica; revision energetica; linea base; IDE; objetivos y metas SMART; planes de accion; seguimiento; revision por la dirección. Estructura el PGEE como mejora continua (Guia 2018 G3.3 p.22-23; P2-P4),criterio_metodologico,operación,,Principal,,,A escala de programa habitacional (no de vivienda individual) un SGE permite a la entidad ejecutora reportar ahorros agregados; reformular metas y replicar lecciones. Para vivienda individual aplica de forma simplificada (compromiso familiar + meta anual de ahorro),,condicional,todos,Instalaciones,recomendado,avanzado,Cumplimiento metas SMART anuales; reduccion % consumo,CEELA:C15; Res.0534:A-E-4
UPME-PGEE,https://docs.upme.gov.co/DemandayEficiencia/Documents/Guia_liviana_PGEE.pdf,UPME-9,Capacitacion y sensibilizacion en uso racional de la energía,"Plan de formacion de los usuarios sobre política energetica; metas; acciones; uso de equipos; consumo fantasma. Incluye campanas basicas (toda persona) y especificas (uso de iluminación; apagado de equipos; conduccion eficiente). Cita: ""Es determinante para el correcto desarrollo del PGEE asegurar que todos los funcionarios sean conscientes de la importancia de la mejora del desempeño energetico"" (Guia 2018 P1.2.2 p.34)",lineamiento,operación,,Principal,,,Capacitacion de la familia rural en uso de FV; calentador solar; cocina eficiente; ventilación natural. Componente social esencial; sin el las medidas técnicas pierden eficacia. Cruza con enfoque de cuidado (Ley 2462),L-E10 enfoque cuidado; L-F03 reducir carga domestica,si,todos,Instalaciones,recomendado,deseable,% personas capacitadas; reduccion consumo post-capacitacion,PNVISR enfoque diferencial; CEELA:C10
UPME-PGEE,https://docs.upme.gov.co/DemandayEficiencia/Documents/Guia_liviana_PGEE.pdf,UPME-10,"Eliminacion de consumo en stand-by (""consumo fantasma"")",Medida operativa para evitar consumo de equipos aparentemente apagados. Soluciones: desconexion total del equipo cuando no se usa; multitomas programables o multitomas eliminadoras de stand-by que cortan corriente al detectar modo espera. Salva pantallas en negro ahorra hasta 7.5 W vs. otros (Guia 2018 A1.4 p.69; A2.4 p.72),medida,operación,,Principal,,,En vivienda rural con FV/bateria el consumo fantasma de TV; cargadores; decodificadores satelital es critico (puede agotar bateria en la noche). Multitoma con interruptor o desconexion nocturna es solución de bajo costo,,si,todos,Instalaciones,recomendado,minimo,W stand-by por equipo; W ahorrados,"Res.0194:MA-02; PROURE accion ""Reduccion consumo stand-by"" residencial"
Misereor-Bahareque,https://www.misereor.org/fileadmin/user_upload_misereororg/cooperation/es/construccion/guia-de-construccion-bahareque-parasismica.pdf,BHQ-01,Forma cubica como principio sismorresistente,"La vivienda en forma de cubo es el principio basico para garantizar la resistencia al sismo. Planta y volumen compactos, simetricos, sin alas largas. Evitar formas en T, L o C; viviendas altas y delgadas; muros largos sin arriostres intermedios.",criterio_estructural,diseño,Complementario,,,Principal,Aplica a bahareque tradicional. Para bahareque encementado ver tambien NSR-10 Tit. E.,,si,todos,Estructura,recomendado,minimo,Planta regular; relacion largo/ancho ≤ 3,
Misereor-Bahareque,https://www.misereor.org/fileadmin/user_upload_misereororg/cooperation/es/construccion/guia-de-construccion-bahareque-parasismica.pdf,BHQ-02,Espesor del muro de bahareque tradicional,Espesor total del muro de bahareque tradicional ≈ 20 cm: 0.5 cm enlucido + 2 cm trama bambu + 15 cm relleno tierra + 2 cm trama bambu + 0.5 cm enlucido (detalle p.14).,criterio_estructural,diseño,,,,Principal,Bahareque tradicional con varas embutidas en tierra. Para encementado ver BHQ-E.,,si,todos,Envolvente,recomendado,minimo,Espesor muro ≈ 20 cm,
Misereor-Bahareque,https://www.misereor.org/fileadmin/user_upload_misereororg/cooperation/es/construccion/guia-de-construccion-bahareque-parasismica.pdf,BHQ-03,Cimentacion corrida — dimensiones minimas,Ancho minimo de cimentacion 40 cm (recomendado: 1.5 x espesor del muro). Altura minima 20 cm. Cimiento de concreto ciclopeo o piedra con argamasa.,criterio_estructural,construcción,,,,Principal,Cimentacion mas ancha que la NSR-10 (que pide 30 cm para encementado). Refleja la mayor masa del muro tradicional.,,si,todos,Cimentación,obligatorio,minimo,Ancho ≥ 40 cm; alto ≥ 20 cm; ancho = 1.5 x espesor del muro,
Misereor-Bahareque,https://www.misereor.org/fileadmin/user_upload_misereororg/cooperation/es/construccion/guia-de-construccion-bahareque-parasismica.pdf,BHQ-04,Sobrecimiento sobre cimiento,"Sobrecimiento (bloques de hormigon o concreto, ej. 39x14x19 cm) que se eleve 20 cm por encima del nivel del terreno exterior. Aisla el entramado vegetal de la humedad ascendente y evita inundaciones por desnivel piso interior/exterior.",criterio_estructural,construcción,,,Complementario,Principal,Valor confirmado en PDF p.14: '20 cm por encima del nivel del terreno al exterior'.,,si,todos,Cimentación,obligatorio,minimo,Altura sobrecimiento ≥ 20 cm sobre nivel terreno exterior,
Misereor-Bahareque,https://www.misereor.org/fileadmin/user_upload_misereororg/cooperation/es/construccion/guia-de-construccion-bahareque-parasismica.pdf,BHQ-05,Modulo La Semilla — crecimiento progresivo,"Vivienda parasismica organizada en modulos llamados 'la semilla' (≈10.24 m²). Crecimiento progresivo: vivienda basica 21.28 m² → intermedia 32.32 m² → completa 44.20 m². Cada ampliacion debe ser un cubo arriostrado, NO una forma rectangular o en L.",criterio,diseño,,,,Principal,Diseño participativo y crecimiento por etapas segun economia familiar. Modulo base 4.00 x 4.00 m con varas verticales cada ~50 cm (ver Anexo 3 del PDF).,,si,todos,todos,recomendado,deseable,Modulo cubico 4 x 4 m; varas verticales cada ~50 cm,
Misereor-Bahareque,https://www.misereor.org/fileadmin/user_upload_misereororg/cooperation/es/construccion/guia-de-construccion-bahareque-parasismica.pdf,BHQ-06,Arriostramiento de muros largos,Muros largos sin arriostramiento intermedio y con angulos debiles resisten menos los sismos y producen colapso. Requiere muros transversales a intervalos regulares.,criterio_estructural,diseño,,,,Principal,Longitud maxima de tramo entre arriostres no especificada numericamente en MISEREOR; ver NSR-10 Tit. E para limites cuantitativos.,,si,todos,Estructura,obligatorio,deseable,Muro transversal cada modulo o tramo (longitud max segun cumplimiento NSR-10),
Misereor-Bahareque,https://www.misereor.org/fileadmin/user_upload_misereororg/cooperation/es/construccion/guia-de-construccion-bahareque-parasismica.pdf,BHQ-07,Calidad del terreno — implantacion,"Terreno plano y seco con suelo duro. Evitar pantanos, barrancos, cerca de rios, antiguas minas, rellenos sanitarios, terrenos limo-arcillosos saturados (riesgo de licuacion sismica).",lineamiento,pre-diseño,Complementario,,Complementario,,Vivienda parasismica = (1) diseño correcto + (2) calidad del terreno + (3) calidad constructiva + (4) calidad de materiales.,,si,todos,Cimentación,obligatorio,minimo,Estudio previo de suelo; evitar pendientes >X% y zonas saturadas,
Misereor-Bahareque,https://www.misereor.org/fileadmin/user_upload_misereororg/cooperation/es/construccion/guia-de-construccion-bahareque-parasismica.pdf,BHQ-08,Calidad de la madera y guadua estructural,"Solo se usan maderas y guadua/bambu secas, sanas, libres de pudricion, hongos e insectos; con tratamiento previo. El corte se hace 30-40 cm por encima del suelo, despues de un nudo, dejando varas en campo de corte verticalmente para drenaje.",criterio_estructural,extracción/manufactura,,,,Principal,Detalles de corte y secado para evitar plagas. Ver NSR-10 E.7.4.1 para requisitos de humedad (10-20%) y edad (≥4 años) en bahareque encementado.,,si,todos,Estructura,obligatorio,minimo,Humedad de equilibrio; tratamiento contra xilofagos,
Misereor-Bahareque,https://www.misereor.org/fileadmin/user_upload_misereororg/cooperation/es/construccion/guia-de-construccion-bahareque-parasismica.pdf,BHQ-09,Tierra para revoque y relleno,Mortero de tierra arcillo-limosa con dosificacion de fibras vegetales. Revoque en 2 capas: primera capa 8-20 mm (1 tierra arcillosa + 2 arena 5mm + 1/3 paja a 3 cm); segunda capa 1-2 mm (1 tierra fina + 3-4 arena fina). Hacer pruebas en obra para evitar fisuras.,criterio_estructural,construcción,Complementario,,,Principal,Detalle de mezclas en p.18 del PDF.,,si,todos,Envolvente,recomendado,minimo,Espesor capa 1: 8-20 mm; espesor capa 2: 1-2 mm; pruebas de mezcla previas,
Misereor-Bahareque,https://www.misereor.org/fileadmin/user_upload_misereororg/cooperation/es/construccion/guia-de-construccion-bahareque-parasismica.pdf,BHQ-10,Cubierta liviana sobre muros delgados,"Estructura ligera (cerchas de madera/guadua) para no sobrecargar muros delgados; reduce inercia sismica. Tejas de microconcreto (12.5 unidades/m²) preferibles a planchas onduladas (Zinc) por aislamiento termico y acustico, aunque requieren estructura uniforme.",criterio_estructural,diseño,Complementario,,,Principal,Tipos comparados en p.18 del PDF.,,si,todos,Cubierta,obligatorio,deseable,Carga muerta cubierta lo mas baja posible; tejas microconcreto: 12.5 u/m²,
Misereor-Bahareque,https://www.misereor.org/fileadmin/user_upload_misereororg/cooperation/es/construccion/guia-de-construccion-bahareque-parasismica.pdf,BHQ-11,Aleros amplios para proteccion del muro,"Aleros para proteger los muros de tierra de la erosion por lluvia. Minimo 50 cm, maximo 100 cm. Tambien proteccion solar y de la fachada en clima humedo.",medida_pasiva,diseño,Principal,,Complementario,,Valor confirmado en PDF p.18: 'no deben ser menores de 50 cm ni mayores de 1 m'.,,si,calido_humedo templado,Cubierta,obligatorio,minimo,Vuelo alero: 50 cm ≤ alero ≤ 100 cm,
Misereor-Bahareque,https://www.misereor.org/fileadmin/user_upload_misereororg/cooperation/es/construccion/guia-de-construccion-bahareque-parasismica.pdf,BHQ-12,Vivienda parasismica — 4 condiciones simultaneas,"Una vivienda parasismica cumple 4 requisitos simultaneos: (1) diseño correcto, (2) calidad del terreno, (3) calidad constructiva, (4) calidad de materiales. Ninguno omisible.",enfoque,pre-diseño,,,,Principal,Principio rector de toda la guia Misereor.,,si,todos,todos,obligatorio,minimo,Cuatro requisitos cumplidos,
Misereor-Bahareque,https://www.misereor.org/fileadmin/user_upload_misereororg/cooperation/es/construccion/guia-de-construccion-bahareque-parasismica.pdf,BHQ-13,Refuerzo en esquinas y vanos,Refuerzo de esquinas y bordes de vanos (puertas/ventanas) con elementos verticales y dintel. Evitar vanos proximos a esquinas. La cubierta debe transmitir cargas homogeneamente sobre los muros.,criterio_estructural,diseño,,,,Principal,MISEREOR no especifica distancia minima vano-esquina; ver NSR-10 E.7.6 y AIS-FOREC para limites cuantitativos. Area maxima de vanos en muro: 35% segun NSR-10.,,si,todos,Envolvente,obligatorio,minimo,Refuerzo en cada esquina y borde de vano,
NSR-10-Titulo-E,https://www.idrd.gov.co/sites/default/files/documentos/Construcciones/5titulo-e-nsr-100.pdf,BHQ-E-01,Definicion bahareque encementado (NSR-10 E.7.3.1),"Sistema estructural de muros con esqueleto de guadua o guadua+madera, cubierto con revoque de mortero de cemento aplicado sobre malla de alambre clavada en esterilla de guadua, a su vez clavada sobre el esqueleto. Constituido por entramado + recubrimiento.",lineamiento,pre-diseño,,,,Principal,Capitulo E.7 NSR-10. Aplica a casas 1-2 pisos grupo de uso I.,,si,todos,Envolvente,obligatorio,minimo,Sistema reglamentado para uso 1-2 pisos VIS rural,
NSR-10-Titulo-E,https://www.idrd.gov.co/sites/default/files/documentos/Construcciones/5titulo-e-nsr-100.pdf,BHQ-E-02,"Calidad de guadua: edad, humedad e inmunizacion (E.7.4.1)","Guadua mayor a 4 anios. Contenido de humedad entre 10% y 20% (cercano a humedad de equilibrio ambiental). Inmunizada contra xilofagos. NO exponer al sol ni al agua (UV produce resecamiento, fisuracion; humedad produce pudricion).",criterio_estructural,extracción/manufactura,,,,Principal,Mas estricto que BHQ-08 tradicional. Permite trazabilidad de la guadua.,,si,todos,Estructura,obligatorio,minimo,Edad ≥ 4 años; humedad 10-20%; tratamiento xilofagos certificado,
NSR-10-Titulo-E,https://www.idrd.gov.co/sites/default/files/documentos/Construcciones/5titulo-e-nsr-100.pdf,BHQ-E-03,Espaciamiento de pie-derechos (E.7.6.1),"El espaciamiento horizontal entre pie-derechos no debe ser inferior a 300 mm ni superior a 600 mm, entre ejes. Las guaduas no pueden tener un diametro inferior a 80 mm.",criterio_estructural,construcción,,,,Principal,Diferente del bahareque tradicional MISEREOR (~50 cm en modulo de 4 m; rango 30-60 cm aceptable). NSR-10 fija el rango legal vigente.,,si,todos,Estructura,obligatorio,minimo,Pie-derechos: 300 mm ≤ separacion ≤ 600 mm; diametro guadua ≥ 80 mm,
NSR-10-Titulo-E,https://www.idrd.gov.co/sites/default/files/documentos/Construcciones/5titulo-e-nsr-100.pdf,BHQ-E-04,Soleras: dimensiones minimas (E.7.6.3),Las soleras (elemento horizontal inferior y superior del muro) tendran ancho minimo igual al diametro de las guaduas usadas como pie-derechos y altura no menor de 100 mm. Preferible construirlas en madera aserrada (mayor rigidez en uniones).,criterio_estructural,construcción,,,,Principal,La solera superior tambien se llama 'carrera'.,,si,todos,Estructura,obligatorio,minimo,Ancho solera ≥ diametro guadua; altura ≥ 100 mm,
NSR-10-Titulo-E,https://www.idrd.gov.co/sites/default/files/documentos/Construcciones/5titulo-e-nsr-100.pdf,BHQ-E-05,Muros estructurales con diagonales (E.7.5.1),Muros estructurales con diagonales (rigidizadores inclinados) deben colocarse en las esquinas de la construccion y en los extremos de cada conjunto de muros estructurales. Resisten cargas verticales + fuerzas horizontales (sismo o viento).,criterio_estructural,diseño,,,,Principal,"Tres tipos de muro NSR-10: con diagonales (estructural), sin diagonales (estructural carga vertical), no estructural (separacion).",,si,todos,Estructura,obligatorio,minimo,Diagonales en todas las esquinas y extremos,
NSR-10-Titulo-E,https://www.idrd.gov.co/sites/default/files/documentos/Construcciones/5titulo-e-nsr-100.pdf,BHQ-E-06,Mallas de refuerzo del revoque (E.7.4.5),"Mallas permitidas: (a) alambre trenzado calibre 18 (max 1.25 mm), abertura hexagonal ≤25.4 mm; (b) alambre electrosoldado calibre 18, abertura cuadrada ≤25.4 mm; (c) lamina metalica expandida sin/con vena estructural. Siempre clavadas sobre esterilla de guadua o entablado.",criterio_estructural,construcción,,,,Principal,La esterilla de guadua va anclada a los pie-derechos con clavos y alambre dulce trenzado.,,si,todos,Envolvente,obligatorio,minimo,Alambre ≤1.25 mm (BWG 18); abertura ≤25.4 mm,
NSR-10-Titulo-E,https://www.idrd.gov.co/sites/default/files/documentos/Construcciones/5titulo-e-nsr-100.pdf,BHQ-E-07,Mortero de cemento para revoque (E.7.4.3),Mortero tipo N: maximo 4 partes de arena por 1 parte de cementante. Calidad del cemento y la cal segun D.3.2 NSR-10.,criterio_estructural,construcción,,,,Principal,,,si,todos,Envolvente,obligatorio,minimo,Mortero tipo N; relacion arena:cemento ≤ 4:1,
NSR-10-Titulo-E,https://www.idrd.gov.co/sites/default/files/documentos/Construcciones/5titulo-e-nsr-100.pdf,BHQ-E-08,Vanos y aberturas en muros (E.7.6 y NSR-10 general),El area de los vanos de un muro no debe ser mayor al 35% del area total del muro. Refuerzo en bordes de vanos con dintel.,criterio_estructural,diseño,,,,Principal,Limite cuantitativo aplicable a esquinas y aberturas en cualquier muro estructural.,,si,todos,Envolvente,obligatorio,minimo,Area vanos ≤ 35% area muro,
AIS-FOREC-Bahareque,https://www.desenredando.org/public/libros/2001/csrvbe/guadua_lared.pdf,AIS-BHQ-01,Distribucion simetrica de muros y aberturas,La distribucion de muros y aberturas en planta debe ser regular. Las ventanas colocadas en una sola fachada generan torsion bajo sismo. Edificaciones con aberturas >25% por fachada requieren rigidizacion adicional.,criterio_estructural,diseño,,,,Principal,Manual AIS-FOREC complementa NSR-10 con criterios de buena practica post-terremoto eje cafetero 1999.,,si,todos,Envolvente,recomendado,deseable,Aberturas ≤25% por fachada para evitar rigidizacion adicional,
AIS-FOREC-Bahareque,https://www.desenredando.org/public/libros/2001/csrvbe/guadua_lared.pdf,AIS-BHQ-02,Cuadrantes y tirantes en nivel solera superior,"A nivel de solera superior deben colocarse tirantes y cuadrantes para garantizar el efecto de diafragma. Los cuadrantes bastan cuando los espacios rectangulares entre muros NO superan relacion 1.5:1 (lado mayor:lado menor). Para relaciones mayores, colocar tirantes que dividan los espacios.",criterio_estructural,construcción,,,,Principal,Concordante con NSR-10 E.7.7.2.,,si,todos,Estructura,obligatorio,minimo,Cuadrantes si relacion ≤1.5:1; tirantes si >1.5:1,
AIS-FOREC-Bahareque,https://www.desenredando.org/public/libros/2001/csrvbe/guadua_lared.pdf,AIS-BHQ-03,Bastones intermedios en muros largos,"Los bastones (refuerzos verticales especiales) deben colocarse en los extremos de cada muro, en las intersecciones con otros muros, y en lugares intermedios a distancias regulares. Garantizan la transmision de cargas sismicas a la cimentacion.",criterio_estructural,construcción,,,,Principal,Detalla la prescripcion NSR-10 sobre arriostramiento.,,si,todos,Estructura,obligatorio,minimo,Bastones en extremos + intersecciones + distancias intermedias regulares,
AIS-FOREC-Bahareque,https://www.desenredando.org/public/libros/2001/csrvbe/guadua_lared.pdf,AIS-BHQ-04,Aberturas para tuberias en muros (control),"Para tuberias que exijan aberturas mayores que el ancho regular del muro, debe modificarse la solucion de manera que la abertura no comprometa la integridad estructural. Permite instalaciones empotradas con limite.",criterio_estructural,construcción,,Complementario,,,Manual AIS-FOREC capitulo de instalaciones.,,si,todos,Instalaciones,obligatorio,minimo,Aberturas para tuberia ≤ ancho regular del muro o solucion compensatoria,
AIS-FOREC-Bahareque,https://www.desenredando.org/public/libros/2001/csrvbe/guadua_lared.pdf,AIS-BHQ-05,Friso de borde para entrepisos (vigueta de madera),"Como friso de borde de los entrepisos debe colocarse una vigueta de madera de seccion minima 12 cm x 4 cm, ligando los largueros y secciones de vigueta entre cada par de guaduas.",criterio_estructural,construcción,,,,Principal,Aplica para viviendas de 2 pisos.,,si,todos,Estructura,obligatorio,minimo,Vigueta friso minimo 12 x 4 cm,
SURA-Bahareque,https://www.segurossura.com.co/empresasura/Documentacion%20Formacion/ficha-tecnica-estructuras-bahareque.pdf,SUR-01,Tipologias reconocidas de bahareque,"SURA reconoce 4 modalidades para asegurabilidad: (1) bahareque embutido en tierra (zona cafetera, recubrimiento tierra+cagajon); (2) bahareque de madera (zonas frias, tablones aislantes); (3) bahareque metalico (modulos de lamina); (4) bahareque encementado (con malla y mortero NSR-10).",lineamiento,pre-diseño,,,,Principal,Solo el bahareque encementado tiene cobertura NSR-10 plena. Tradicionales requieren peritaje individual.,,si,todos,Envolvente,recomendado,minimo,Declarar tipologia exacta en poliza de seguro,
SURA-Bahareque,https://www.segurossura.com.co/empresasura/Documentacion%20Formacion/ficha-tecnica-estructuras-bahareque.pdf,SUR-02,Instalaciones electricas canalizadas,Las instalaciones electricas NO se deben realizar con conductores expuestos: deben estar canalizadas. Canalizacion en PVC permitida si no esta expuesta a daños fisicos. Recomendable tuberia metalica EMT por mayor proteccion contra abrasion e ignicion.,medida_activa,construcción,,Principal,,Complementario,Riesgo de incendio alto en bahareque por combustibilidad de madera/paja/esterilla.,,si,todos,Instalaciones,obligatorio,minimo,100% conductores canalizados; preferir EMT,
SURA-Bahareque,https://www.segurossura.com.co/empresasura/Documentacion%20Formacion/ficha-tecnica-estructuras-bahareque.pdf,SUR-03,Riesgo de incendio por combustibilidad de materiales,"Estructuras con materiales combustibles (madera, paja, esterilla) son altamente susceptibles al fuego. Controlar fuentes de ignicion: chimeneas, cigarrillos, instalaciones electricas defectuosas, soldadura, veladoras, acumulacion de grasas en campanas. Si los predios colindantes son tambien combustibles: riesgo de incendio mayor.",criterio_estructural,operación,,,,Principal,No hay distancia minima cocina-muros explicita; usar buenas practicas + extintor.,,si,todos,Envolvente,obligatorio,minimo,Distancia segura cocina-muros; extintor visible,
SURA-Bahareque,https://www.segurossura.com.co/empresasura/Documentacion%20Formacion/ficha-tecnica-estructuras-bahareque.pdf,SUR-04,Instalaciones hidrosanitarias a la vista,Diseñar instalaciones hidraulicas y sanitarias a la vista (no empotradas en muros) y conforme a normas colombianas. Permite deteccion temprana de fugas y evita daño por humedad en muros de tierra.,medida_hidrica,diseño,,,Principal,Complementario,La humedad es la principal causa de deterioro en cimientos + muros bahareque.,,si,todos,Instalaciones,obligatorio,minimo,Tuberias visibles + registrables,
SURA-Bahareque,https://www.segurossura.com.co/empresasura/Documentacion%20Formacion/ficha-tecnica-estructuras-bahareque.pdf,SUR-05,Mantenimiento preventivo periodico,"Mantenimiento esencial: pintura periodica, reemplazo de elementos dañados, control de ingreso de agua (cubierta y muros limpios). Chequeos electricos para evitar degradacion de aislamiento y cortos.",lineamiento,operación,Complementario,,Complementario,Principal,Mantenimiento es condicion de aseguramiento.,,si,todos,todos,obligatorio,minimo,Frecuencia minima anual de revision,
SURA-Bahareque,https://www.segurossura.com.co/empresasura/Documentacion%20Formacion/ficha-tecnica-estructuras-bahareque.pdf,SUR-06,Cubierta a 2 aguas con teja barro y aleros amplios,"Cubierta de cerchas madera+guadua a 2 aguas con esterilla de guadua y teja de barro española. Peso aproximado 60 kg/m². Aleros anchos para extender proteccion sobre fachadas, corredores y estancias, transmitiendo menor peso a los muros delgados de bahareque.",medida_pasiva,diseño,Principal,,Principal,Complementario,Concordante con BHQ-11 (alero 50-100 cm).,,si,calido_humedo templado,Cubierta,recomendado,deseable,Peso cubierta ~60 kg/m²; aleros amplios,
VRA-MGral-Bogota-Region,https://www.bogota.gov.co/,VRA-01,Modelo integral de gestion - 15 pasos asignacion subsidio VISR,"Proceso operativo de 15 pasos para asignacion de subsidio de vivienda rural integral: (1) Asignacion de Recursos, (2) Convocatoria, (3) Preseleccion de hogares, (4) Publicacion de asignacion, (5) Diagnostico integral del predio, (6) Postulacion formal, (7) Estructuracion del Proyecto, (8) Radicacion y presentacion, (9) Revision de estructuracion, (10) Revisoria fiscal previa, (11) Asignacion condicionada, (12) Notificacion, (13) Remision al SISFV, (14) Ejecucion, (15) Cierre.",lineamiento,pre-diseño,,,,,Modelo integral propuesto en documento Bogota-Region 2024 v.1. Marca proceso administrativo + tecnico + social. Aplica a vivienda nueva y mejoramiento.,,si,todos,todos,recomendado,recomendada,Cumplir 15 pasos del modelo de gestion VRA,
VRA-MGral-Bogota-Region,https://www.bogota.gov.co/,VRA-02,Mapeo de actores institucionales VISR,Actores institucionales involucrados en el ciclo VISR: para FORMULACION (MADR + MVCT); para SUPERVISION (Consejo Superior Vivienda + Comite Intersectorial VIS Rural + SuperSubsidio); para FINANCIACION (Banco Agrario + Findeter + Finagro); para INFORMACION (DNP + IGAC + DANE + UARIV + ANT + SENA); para ASIGNACION (Entidad Otorgante + Oferente + Promotora + Operadora + Ejecutora + Interventoria + Trabajo Social y ambiental).,lineamiento,pre-diseño,,,,,Estructura institucional completa del sistema VISR colombiano. Define responsabilidades por fase del proyecto.,,si,todos,todos,obligatorio,minimo,Identificacion clara de roles institucionales por proyecto,
VRA-MGral-Bogota-Region,https://www.bogota.gov.co/,VRA-03,Tipologias arquitectonicas para vivienda nueva (6 tipos),"6 tipologias de planta de vivienda rural nueva segun contexto y clima (Anexo C SFVR 2020 ampliado): Alargada (VRSA1, 13 x 4.3 m, climas calidos/secos, terrenos angostos); L (VRSL1, 8.3 x 8 m, climas frios, terreno rectangular boscoso); T (VRST1, 9.3 x 7 m, diferentes climas con apertura 4 fachadas); Compacta 1 (VRSC1, 10 x 6 m, lotes medianeros 6x12); Compacta 2 (VRSC2, 9.3 x 6 m, dos volumenes diferentes alturas para flujo aire); U (VRSU1, 8.3 x 7.6 m, terrenos amplios cuatro fachadas).",medida_pasiva,diseño,Principal,,,Complementario,Tipologias parametrizadas segun MVCT. Cada una con flexibilizacion de espacios y posibilidad de espacio productivo en una habitacion. Apertura en fachada principal para flujo de viento e iluminacion natural indirecta.,,si,todos,Envolvente,recomendado,deseable,Seleccionar tipologia segun contexto + clima + dimensiones del lote,ParamSFVR:Anexo C 2020
VRA-MGral-Bogota-Region,https://www.bogota.gov.co/,VRA-04,Componentes minimos para presentacion tecnica VISR nueva,"5 componentes basicos minimos exigidos para proyectos VISR nueva: (1) Solucion de agua para consumo humano (alternativa); (2) Desarrollo progresivo (flexibilidad arquitectonica para futura ampliacion); (3) Accesibilidad al medio fisico segun NTC para discapacidad; (4) Parametrizacion espacial (no vinculante, areas optimas de referencia); (5) Arquitectura sostenible y bioclimatica (estrategias pasivas desde diseño y procesos constructivos).",lineamiento,diseño,Principal,,Principal,,Anexo C SFVR 2020 documento parametrizacion. Marco minimo de revision tecnica.,,si,todos,todos,obligatorio,minimo,Cumplir los 5 componentes en planimetria de proyecto,ParamSFVR:Anexo C; PNVISR:cap6
VRA-MGral-Bogota-Region,https://www.bogota.gov.co/,VRA-05,Distribucion de subsidios y cuantias VISR,Sistema de financiacion VISR via 3 entidades: Banco Agrario (operador); Findeter (asesoria + estructuracion + financiacion); Finagro (acceso credito sector agropecuario). Cuantias del subsidio segun PNVISR Res. 000179/2017 hasta 70 SMLV + 20 SMLV transporte. El subsidio puede cubrir 100% costos en zonas dispersas (caso Pitalito documentado).,lineamiento,pre-diseño,,,,,Cap 4 del documento Bogota-Region 2024. Articula las 3 entidades de financiacion publica para vivienda rural.,,si,todos,todos,obligatorio,minimo,Subsidio max 70 SMLV + 20 SMLV transporte (PNVISR),PNVISR:Res 000179/2017
